"year","college","crew","gender","race","leg","seconds","distance"
2010,"Catz",1,"M","Newnham Short Course",NA,369,2000
2010,"Robinson",1,"M","Newnham Short Course",NA,370,2000
2010,"Sidney",1,"M","Newnham Short Course",NA,371,2000
2010,"Caius",1,"M","Newnham Short Course",NA,372,2000
2010,"Girton",1,"M","Newnham Short Course",NA,383,2000
2010,"Churchill",1,"M","Newnham Short Course",NA,384,2000
2010,"Selwyn",1,"M","Newnham Short Course",NA,390,2000
2010,"Magdalene",2,"M","Newnham Short Course",NA,392,2000
2010,"Pembroke",2,"M","Newnham Short Course",NA,393,2000
2010,"Pembroke",3,"M","Newnham Short Course",NA,394,2000
2010,"Eddies",1,"M","Newnham Short Course",NA,396,2000
2010,"Christs",1,"M","Newnham Short Course",NA,398,2000
2010,"Sidney",2,"M","Newnham Short Course",NA,405,2000
2010,"Maggie",3,"M","Newnham Short Course",NA,406,2000
2010,"Robinson",2,"M","Newnham Short Course",NA,408,2000
2010,"Clare",2,"M","Newnham Short Course",NA,409,2000
2010,"Queens",2,"M","Newnham Short Course",NA,410,2000
2010,"TitHall",2,"M","Newnham Short Course",NA,410,2000
2010,"Churchill",2,"M","Newnham Short Course",NA,410,2000
2010,"Caius",2,"M","Newnham Short Course",NA,411,2000
2010,"Christs",2,"M","Newnham Short Course",NA,413,2000
2010,"FaT",3,"M","Newnham Short Course",NA,419,2000
2010,"Queens",3,"M","Newnham Short Course",NA,421,2000
2010,"Christs",3,"M","Newnham Short Course",NA,425,2000
2010,"HughesHall",1,"M","Newnham Short Course",NA,426,2000
2010,"Caius",3,"M","Newnham Short Course",NA,426,2000
2010,"Eddies",2,"M","Newnham Short Course",NA,426,2000
2010,"Churchill",3,"M","Newnham Short Course",NA,436,2000
2010,"Magdalene",3,"M","Newnham Short Course",NA,437,2000
2010,"Selwyn",2,"M","Newnham Short Course",NA,438,2000
2010,"Christs",1,"F","Newnham Short Course",NA,442,2000
2010,"Pembroke",1,"F","Newnham Short Course",NA,448,2000
2010,"Magdalene",1,"F","Newnham Short Course",NA,451,2000
2010,"Emma",4,"M","Newnham Short Course",NA,455,2000
2010,"Caius",1,"F","Newnham Short Course",NA,459,2000
2010,"Catz",1,"F","Newnham Short Course",NA,464,2000
2010,"Selwyn",1,"F","Newnham Short Course",NA,465,2000
2010,"Kings",1,"F","Newnham Short Course",NA,466,2000
2010,"Emma",2,"F","Newnham Short Course",NA,469,2000
2010,"Peterhouse",1,"F","Newnham Short Course",NA,475,2000
2010,"HughesHall",1,"F","Newnham Short Course",NA,483,2000
2010,"Queens",4,"M","Newnham Short Course",NA,483,2000
2010,"Christs",2,"F","Newnham Short Course",NA,489,2000
2010,"Downing",2,"F","Newnham Short Course",NA,494,2000
2010,"Queens",2,"F","Newnham Short Course",NA,496,2000
2010,"Newnham",3,"F","Newnham Short Course",NA,499,2000
2010,"Sidney",2,"F","Newnham Short Course",NA,499,2000
2010,"Eddies",1,"F","Newnham Short Course",NA,501,2000
2010,"Clare",2,"F","Newnham Short Course",NA,502,2000
2010,"Medwards",2,"F","Newnham Short Course",NA,506,2000
2010,"Maggie",4,"M","Newnham Short Course",NA,511,2000
2010,"Christs",3,"F","Newnham Short Course",NA,517,2000
2010,"Sidney",3,"F","Newnham Short Course",NA,529,2000
2010,"Magdalene",2,"F","Newnham Short Course",NA,540,2000
2010,"Eddies",2,"F","Newnham Short Course",NA,543,2000
2010,"Selwyn",2,"F","Newnham Short Course",NA,548,2000
2010,"FaT",4,"M","Newnham Short Course",NA,643,2000
2011,"Caius",1,"M","Fairbairns",NA,816.8,4300
2011,"Jesus",1,"M","Fairbairns",NA,842,4300
2011,"Selwyn",1,"M","Fairbairns",NA,851.5,4300
2011,"FaT",1,"M","Fairbairns",NA,860.8,4300
2011,"Christs",1,"M","Fairbairns",NA,860.8,4300
2011,"Emma",1,"M","Fairbairns",NA,862,4300
2011,"Maggie",1,"M","Fairbairns",NA,862.3,4300
2011,"Pembroke",1,"M","Fairbairns",NA,864.4,4300
2011,"ClareHall",1,"M","Fairbairns",NA,873.8,4300
2011,"Catz",1,"M","Fairbairns",NA,879.7,4300
2011,"Kings",1,"M","Fairbairns",NA,886.9,4300
2011,"Pembroke",2,"M","Fairbairns",NA,892.2,4300
2011,"Churchill",1,"M","Fairbairns",NA,893.7,4300
2011,"Jesus",2,"M","Fairbairns",NA,902.1,4300
2011,"Kings",2,"M","Fairbairns",NA,910.4,4300
2011,"Caius",2,"M","Fairbairns",NA,917.1,4300
2011,"Magdalene",1,"M","Fairbairns",NA,927,4300
2011,"Homerton",1,"M","Fairbairns",NA,941.6,4300
2011,"Fitz",1,"M","Fairbairns",NA,954.8,4300
2011,"FaT",2,"M","Fairbairns",NA,977.8,4300
2011,"Jesus",3,"M","Fairbairns",NA,982.6,4300
2011,"Jesus",4,"M","Fairbairns",NA,1054.8,4300
2011,"Newnham",1,"F","Fairbairns",NA,948,4300
2011,"Emma",1,"F","Fairbairns",NA,964.6,4300
2011,"Queens",1,"F","Fairbairns",NA,968.5,4300
2011,"Pembroke",1,"F","Fairbairns",NA,969.9,4300
2011,"Jesus",1,"F","Fairbairns",NA,973.4,4300
2011,"FaT",1,"F","Fairbairns",NA,995.3,4300
2011,"Christs",1,"F","Fairbairns",NA,1000.9,4300
2011,"Sidney",1,"F","Fairbairns",NA,1002.4,4300
2011,"Selwyn",1,"F","Fairbairns",NA,1008.7,4300
2011,"Maggie",1,"F","Fairbairns",NA,1012.5,4300
2011,"Churchill",1,"F","Fairbairns",NA,1015.1,4300
2011,"Christs",2,"F","Fairbairns",NA,1020.6,4300
2011,"Newnham",2,"F","Fairbairns",NA,1026.4,4300
2011,"Jesus",2,"F","Fairbairns",NA,1089.3,4300
2011,"ClareHall",1,"F","Fairbairns",NA,1099.3,4300
2011,"FaT",2,"F","Fairbairns",NA,1106.3,4300
2011,"Corpus",1,"F","Fairbairns",NA,1130.6,4300
2011,"Caius",1,"M","Newnham Short Course",NA,452,2000
2011,"Pembroke",1,"M","Newnham Short Course",NA,458,2000
2011,"Downing",1,"M","Newnham Short Course",NA,458,2000
2011,"Catz",1,"M","Newnham Short Course",NA,471,2000
2011,"Selwyn",1,"M","Newnham Short Course",NA,477,2000
2011,"Maggie",1,"M","Newnham Short Course",NA,478,2000
2011,"Jesus",1,"M","Newnham Short Course",NA,488,2000
2011,"Christs",1,"M","Newnham Short Course",NA,489,2000
2011,"Sidney",1,"M","Newnham Short Course",NA,491,2000
2011,"Downing",2,"M","Newnham Short Course",NA,491,2000
2011,"ClareHall",1,"M","Newnham Short Course",NA,492,2000
2011,"Churchill",1,"M","Newnham Short Course",NA,494,2000
2011,"Robinson",1,"M","Newnham Short Course",NA,495,2000
2011,"Pembroke",2,"M","Newnham Short Course",NA,497,2000
2011,"Catz",2,"M","Newnham Short Course",NA,504,2000
2011,"Magdalene",2,"M","Newnham Short Course",NA,509,2000
2011,"Kings",2,"M","Newnham Short Course",NA,510,2000
2011,"Downing",1,"F","Newnham Short Course",NA,537,2000
2011,"Queens",1,"F","Newnham Short Course",NA,542,2000
2011,"Robinson",2,"M","Newnham Short Course",NA,543,2000
2011,"Selwyn",2,"M","Newnham Short Course",NA,554,2000
2011,"FaT",1,"F","Newnham Short Course",NA,557,2000
2011,"Pembroke",1,"F","Newnham Short Course",NA,561,2000
2011,"Caius",1,"F","Newnham Short Course",NA,566,2000
2011,"Selwyn",1,"F","Newnham Short Course",NA,568,2000
2011,"Sidney",2,"M","Newnham Short Course",NA,571,2000
2011,"Sidney",1,"F","Newnham Short Course",NA,578,2000
2011,"Churchill",2,"M","Newnham Short Course",NA,583,2000
2011,"Catz",1,"F","Newnham Short Course",NA,587,2000
2011,"Christs",1,"F","Newnham Short Course",NA,587,2000
2011,"Girton",1,"F","Newnham Short Course",NA,593,2000
2011,"Kings",1,"F","Newnham Short Course",NA,603,2000
2011,"Churchill",1,"F","Newnham Short Course",NA,633,2000
2011,"ClareHall",1,"F","Newnham Short Course",NA,708,2000
2012,"Caius",1,"M","Fairbairns",NA,855.2,4300
2012,"Queens",1,"M","Fairbairns",NA,862.2,4300
2012,"Maggie",1,"M","Fairbairns",NA,868.6,4300
2012,"Downing",1,"M","Fairbairns",NA,871.5,4300
2012,"Selwyn",1,"M","Fairbairns",NA,900.5,4300
2012,"Jesus",1,"M","Fairbairns",NA,900.7,4300
2012,"Kings",1,"M","Fairbairns",NA,902.7,4300
2012,"Caius",2,"M","Fairbairns",NA,903.9,4300
2012,"Christs",1,"M","Fairbairns",NA,905.9,4300
2012,"FaT",1,"M","Fairbairns",NA,906.5,4300
2012,"Pembroke",1,"M","Fairbairns",NA,908.4,4300
2012,"Clare",1,"M","Fairbairns",NA,915.6,4300
2012,"Catz",1,"M","Fairbairns",NA,920.2,4300
2012,"TitHall",1,"M","Fairbairns",NA,923.1,4300
2012,"Girton",1,"M","Fairbairns",NA,925.8,4300
2012,"Magdalene",1,"M","Fairbairns",NA,930,4300
2012,"Emma",1,"M","Fairbairns",NA,930.6,4300
2012,"Fitz",1,"M","Fairbairns",NA,945.6,4300
2012,"Homerton",1,"M","Fairbairns",NA,946.2,4300
2012,"Peterhouse",1,"M","Fairbairns",NA,946.3,4300
2012,"Robinson",1,"M","Fairbairns",NA,954.2,4300
2012,"FaT",2,"M","Fairbairns",NA,956.8,4300
2012,"Pembroke",2,"M","Fairbairns",NA,957.1,4300
2012,"Queens",2,"M","Fairbairns",NA,957.9,4300
2012,"Downing",2,"M","Fairbairns",NA,967.1,4300
2012,"Churchill",1,"M","Fairbairns",NA,968,4300
2012,"Maggie",2,"M","Fairbairns",NA,968,4300
2012,"Sidney",1,"M","Fairbairns",NA,971.2,4300
2012,"Corpus",1,"M","Fairbairns",NA,994.2,4300
2012,"Jesus",2,"M","Fairbairns",NA,995.7,4300
2012,"Girton",2,"M","Fairbairns",NA,997.2,4300
2012,"Darwin",1,"M","Fairbairns",NA,998.7,4300
2012,"TitHall",2,"M","Fairbairns",NA,1000.8,4300
2012,"Christs",2,"M","Fairbairns",NA,1022.3,4300
2012,"Clare",2,"M","Fairbairns",NA,1022.7,4300
2012,"Clare",3,"M","Fairbairns",NA,1025.2,4300
2012,"Selwyn",2,"M","Fairbairns",NA,1029.7,4300
2012,"Wolfson",1,"M","Fairbairns",NA,1036.1,4300
2012,"Robinson",2,"M","Fairbairns",NA,1036.4,4300
2012,"Fitz",2,"M","Fairbairns",NA,1039.8,4300
2012,"Magdalene",2,"M","Fairbairns",NA,1043,4300
2012,"Churchill",2,"M","Fairbairns",NA,1098.6,4300
2012,"Sidney",2,"M","Fairbairns",NA,1116.4,4300
2012,"Girton",3,"M","Fairbairns",NA,1168.3,4300
2012,"Downing",1,"F","Fairbairns",NA,1012.5,4300
2012,"Jesus",1,"F","Fairbairns",NA,1020.7,4300
2012,"Clare",1,"F","Fairbairns",NA,1038.8,4300
2012,"Christs",1,"F","Fairbairns",NA,1039.8,4300
2012,"Caius",1,"F","Fairbairns",NA,1043.7,4300
2012,"Emma",1,"F","Fairbairns",NA,1048,4300
2012,"Kings",1,"F","Fairbairns",NA,1072.7,4300
2012,"FaT",1,"F","Fairbairns",NA,1072.9,4300
2012,"Pembroke",1,"F","Fairbairns",NA,1074.1,4300
2012,"Maggie",1,"F","Fairbairns",NA,1088,4300
2012,"Emma",2,"F","Fairbairns",NA,1092.9,4300
2012,"Girton",1,"F","Fairbairns",NA,1096.8,4300
2012,"TitHall",1,"F","Fairbairns",NA,1100.9,4300
2012,"Christs",2,"F","Fairbairns",NA,1104,4300
2012,"Robinson",1,"F","Fairbairns",NA,1128.2,4300
2012,"Peterhouse",1,"F","Fairbairns",NA,1129.3,4300
2012,"Newnham",1,"F","Fairbairns",NA,1131.6,4300
2012,"Queens",1,"F","Fairbairns",NA,1132.2,4300
2012,"Selwyn",1,"F","Fairbairns",NA,1140.8,4300
2012,"Fitz",1,"F","Fairbairns",NA,1142.4,4300
2012,"Maggie",2,"F","Fairbairns",NA,1147.6,4300
2012,"Catz",2,"F","Fairbairns",NA,1173.7,4300
2012,"Newnham",2,"F","Fairbairns",NA,1224.5,4300
2012,"FaT",2,"F","Fairbairns",NA,1232.2,4300
2012,"Sidney",1,"F","Fairbairns",NA,2279.3,4300
2013,"Kings",1,"M","Fairbairns",NA,827.6,4300
2013,"Queens",1,"M","Fairbairns",NA,828.3,4300
2013,"Caius",1,"M","Fairbairns",NA,830.4,4300
2013,"Downing",1,"M","Fairbairns",NA,837.2,4300
2013,"Jesus",1,"M","Fairbairns",NA,837.6,4300
2013,"FaT",1,"M","Fairbairns",NA,856.5,4300
2013,"Christs",1,"M","Fairbairns",NA,867.6,4300
2013,"Maggie",1,"M","Fairbairns",NA,872.2,4300
2013,"Selwyn",1,"M","Fairbairns",NA,876,4300
2013,"Churchill",1,"M","Fairbairns",NA,877,4300
2013,"Queens",2,"M","Fairbairns",NA,881,4300
2013,"Clare",1,"M","Fairbairns",NA,883.1,4300
2013,"Caius",2,"M","Fairbairns",NA,884,4300
2013,"Pembroke",1,"M","Fairbairns",NA,888.9,4300
2013,"FaT",2,"M","Fairbairns",NA,893.7,4300
2013,"Girton",1,"M","Fairbairns",NA,902,4300
2013,"TitHall",1,"M","Fairbairns",NA,902.8,4300
2013,"Emma",1,"M","Fairbairns",NA,903.5,4300
2013,"Catz",1,"M","Fairbairns",NA,905,4300
2013,"Fitz",1,"M","Fairbairns",NA,915,4300
2013,"Sidney",1,"M","Fairbairns",NA,916.1,4300
2013,"Jesus",2,"M","Fairbairns",NA,916.1,4300
2013,"Downing",2,"M","Fairbairns",NA,929.3,4300
2013,"TitHall",2,"M","Fairbairns",NA,932.4,4300
2013,"Darwin",1,"M","Fairbairns",NA,941.5,4300
2013,"Selwyn",2,"M","Fairbairns",NA,948.1,4300
2013,"Maggie",2,"M","Fairbairns",NA,960,4300
2013,"Pembroke",2,"M","Fairbairns",NA,968.6,4300
2013,"Girton",2,"M","Fairbairns",NA,973.7,4300
2013,"Corpus",1,"M","Fairbairns",NA,977.5,4300
2013,"Peterhouse",1,"M","Fairbairns",NA,978.1,4300
2013,"Jesus",3,"M","Fairbairns",NA,986.3,4300
2013,"Caius",3,"M","Fairbairns",NA,989.3,4300
2013,"Christs",2,"M","Fairbairns",NA,992.9,4300
2013,"Magdalene",1,"M","Fairbairns",NA,996.2,4300
2013,"Fitz",2,"M","Fairbairns",NA,1004.2,4300
2013,"Kings",2,"M","Fairbairns",NA,1006,4300
2013,"FaT",3,"M","Fairbairns",NA,1030.1,4300
2013,"Homerton",1,"F","Fairbairns",NA,1021.8,4300
2013,"Downing",1,"F","Fairbairns",NA,1023,4300
2013,"Maggie",1,"F","Fairbairns",NA,1032,4300
2013,"Emma",3,"F","Fairbairns",NA,1033.8,4300
2013,"Jesus",1,"F","Fairbairns",NA,1034,4300
2013,"Kings",1,"F","Fairbairns",NA,1037,4300
2013,"Caius",1,"F","Fairbairns",NA,1038,4300
2013,"FaT",1,"F","Fairbairns",NA,1043,4300
2013,"Fitz",1,"F","Fairbairns",NA,1054,4300
2013,"Newnham",1,"F","Fairbairns",NA,1067,4300
2013,"Girton",2,"F","Fairbairns",NA,1067,4300
2013,"Queens",1,"F","Fairbairns",NA,1069,4300
2013,"Emma",1,"F","Fairbairns",NA,1072,4300
2013,"Christs",1,"F","Fairbairns",NA,1074,4300
2013,"Robinson",1,"F","Fairbairns",NA,1078,4300
2013,"Selwyn",1,"F","Fairbairns",NA,1079.7,4300
2013,"Pembroke",1,"F","Fairbairns",NA,1081,4300
2013,"Sidney",1,"F","Fairbairns",NA,1087,4300
2013,"Clare",1,"F","Fairbairns",NA,1089,4300
2013,"Darwin",1,"F","Fairbairns",NA,1095,4300
2013,"Girton",1,"F","Fairbairns",NA,1097,4300
2013,"Magdalene",1,"F","Fairbairns",NA,1101,4300
2013,"Peterhouse",1,"F","Fairbairns",NA,1104,4300
2013,"Emma",2,"F","Fairbairns",NA,1174,4300
2013,"Sidney",2,"F","Fairbairns",NA,1226,4300
2013,"FaT",1,"M","Newnham Short Course",NA,408,2000
2013,"Clare",1,"M","Newnham Short Course",NA,422,2000
2013,"Selwyn",1,"M","Newnham Short Course",NA,425,2000
2013,"Jesus",1,"M","Newnham Short Course",NA,428,2000
2013,"Christs",1,"M","Newnham Short Course",NA,433,2000
2013,"Emma",1,"M","Newnham Short Course",NA,433,2000
2013,"Churchill",1,"M","Newnham Short Course",NA,438,2000
2013,"Girton",1,"M","Newnham Short Course",NA,439,2000
2013,"Homerton",1,"M","Newnham Short Course",NA,441,2000
2013,"Robinson",1,"M","Newnham Short Course",NA,441,2000
2013,"Darwin",1,"M","Newnham Short Course",NA,442,2000
2013,"Pembroke",1,"M","Newnham Short Course",NA,442,2000
2013,"Sidney",1,"M","Newnham Short Course",NA,443,2000
2013,"Catz",1,"M","Newnham Short Course",NA,446,2000
2013,"Magdalene",1,"M","Newnham Short Course",NA,460,2000
2013,"FaT",2,"M","Newnham Short Course",NA,426,2000
2013,"Caius",2,"M","Newnham Short Course",NA,449,2000
2013,"Jesus",2,"M","Newnham Short Course",NA,452,2000
2013,"Queens",2,"M","Newnham Short Course",NA,453,2000
2013,"HughesHall",2,"M","Newnham Short Course",NA,453,2000
2013,"TitHall",2,"M","Newnham Short Course",NA,456,2000
2013,"Selwyn",2,"M","Newnham Short Course",NA,459,2000
2013,"Churchill",2,"M","Newnham Short Course",NA,467,2000
2013,"Pembroke",2,"M","Newnham Short Course",NA,470,2000
2013,"Clare",2,"M","Newnham Short Course",NA,473,2000
2013,"Magdalene",2,"M","Newnham Short Course",NA,488,2000
2013,"Corpus",2,"M","Newnham Short Course",NA,515,2000
2013,"Robinson",2,"M","Newnham Short Course",NA,553,2000
2013,"Caius",3,"M","Newnham Short Course",NA,476,2000
2013,"FaT",3,"M","Newnham Short Course",NA,478,2000
2013,"Catz",3,"M","Newnham Short Course",NA,489,2000
2013,"Emma",3,"M","Newnham Short Course",NA,491,2000
2013,"Clare",3,"M","Newnham Short Course",NA,508,2000
2013,"Churchill",3,"M","Newnham Short Course",NA,510,2000
2013,"Queens",3,"M","Newnham Short Course",NA,517,2000
2013,"HughesHall",3,"M","Newnham Short Course",NA,532,2000
2013,"Selwyn",3,"M","Newnham Short Course",NA,556,2000
2013,"Magdalene",3,"M","Newnham Short Course",NA,561,2000
2013,"FaT",4,"M","Newnham Short Course",NA,504,2000
2013,"Emma",4,"M","Newnham Short Course",NA,529,2000
2013,"FaT",5,"M","Newnham Short Course",NA,584,2000
2013,"Jesus",1,"F","Newnham Short Course",NA,494,2000
2013,"Caius",1,"F","Newnham Short Course",NA,503,2000
2013,"Medwards",1,"F","Newnham Short Course",NA,513,2000
2013,"Emma",1,"F","Newnham Short Course",NA,515,2000
2013,"Kings",1,"F","Newnham Short Course",NA,516,2000
2013,"Christs",1,"F","Newnham Short Course",NA,516,2000
2013,"Churchill",1,"F","Newnham Short Course",NA,526,2000
2013,"Girton",1,"F","Newnham Short Course",NA,537,2000
2013,"Magdalene",1,"F","Newnham Short Course",NA,540,2000
2013,"Darwin",1,"F","Newnham Short Course",NA,541,2000
2013,"Clare",1,"F","Newnham Short Course",NA,541,2000
2013,"Sidney",1,"F","Newnham Short Course",NA,543,2000
2013,"Selwyn",1,"F","Newnham Short Course",NA,545,2000
2013,"TitHall",1,"F","Newnham Short Course",NA,549,2000
2013,"Robinson",1,"F","Newnham Short Course",NA,558,2000
2013,"HughesHall",1,"F","Newnham Short Course",NA,575,2000
2013,"Jesus",2,"F","Newnham Short Course",NA,534,2000
2013,"Christs",2,"F","Newnham Short Course",NA,539,2000
2013,"Emma",2,"F","Newnham Short Course",NA,554,2000
2013,"FaT",2,"F","Newnham Short Course",NA,554,2000
2013,"Downing",2,"F","Newnham Short Course",NA,555,2000
2013,"Fitz",2,"F","Newnham Short Course",NA,564,2000
2013,"Queens",2,"F","Newnham Short Course",NA,565,2000
2013,"Selwyn",2,"F","Newnham Short Course",NA,569,2000
2013,"Kings",2,"F","Newnham Short Course",NA,572,2000
2013,"Sidney",2,"F","Newnham Short Course",NA,574,2000
2013,"Clare",2,"F","Newnham Short Course",NA,575,2000
2013,"Magdalene",2,"F","Newnham Short Course",NA,583,2000
2013,"Girton",2,"F","Newnham Short Course",NA,591,2000
2013,"Catz",2,"F","Newnham Short Course",NA,594,2000
2013,"HughesHall",2,"F","Newnham Short Course",NA,637,2000
2013,"Emma",3,"F","Newnham Short Course",NA,616,2000
2014,"Downing",1,"M","Fairbairns",NA,861.9,4300
2014,"Jesus",1,"M","Fairbairns",NA,880.1,4300
2014,"Kings",1,"M","Fairbairns",NA,887.7,4300
2014,"Maggie",1,"M","Fairbairns",NA,895.4,4300
2014,"Emma",1,"M","Fairbairns",NA,898,4300
2014,"Robinson",1,"M","Fairbairns",NA,905.8,4300
2014,"Catz",1,"M","Fairbairns",NA,915.1,4300
2014,"Clare",1,"M","Fairbairns",NA,916.1,4300
2014,"TitHall",1,"M","Fairbairns",NA,918,4300
2014,"Caius",1,"M","Fairbairns",NA,921.4,4300
2014,"Christs",1,"M","Fairbairns",NA,921.7,4300
2014,"FaT",2,"M","Fairbairns",NA,933.7,4300
2014,"Pembroke",1,"M","Fairbairns",NA,944.9,4300
2014,"FaT",1,"M","Fairbairns",NA,948.1,4300
2014,"Jesus",2,"M","Fairbairns",NA,948.7,4300
2014,"Sidney",1,"M","Fairbairns",NA,948.9,4300
2014,"Fitz",1,"M","Fairbairns",NA,953.9,4300
2014,"Caius",2,"M","Fairbairns",NA,964.8,4300
2014,"Selwyn",1,"M","Fairbairns",NA,967.8,4300
2014,"Corpus",1,"M","Fairbairns",NA,982.6,4300
2014,"ClareHall",1,"M","Fairbairns",NA,988.1,4300
2014,"Maggie",2,"M","Fairbairns",NA,989.3,4300
2014,"Girton",1,"M","Fairbairns",NA,992.3,4300
2014,"Catz",2,"M","Fairbairns",NA,992.5,4300
2014,"Emma",2,"M","Fairbairns",NA,1009.7,4300
2014,"Downing",2,"M","Fairbairns",NA,1010.4,4300
2014,"HughesHall",1,"M","Fairbairns",NA,1014,4300
2014,"Catz",3,"M","Fairbairns",NA,1018.7,4300
2014,"Kings",2,"M","Fairbairns",NA,1020.2,4300
2014,"Darwin",1,"M","Fairbairns",NA,1022.4,4300
2014,"Magdalene",1,"M","Fairbairns",NA,1045.1,4300
2014,"Emma",3,"M","Fairbairns",NA,1047.4,4300
2014,"Christs",3,"M","Fairbairns",NA,1064.3,4300
2014,"Girton",2,"M","Fairbairns",NA,1077.2,4300
2014,"Jesus",3,"M","Fairbairns",NA,1078.6,4300
2014,"FaT",3,"M","Fairbairns",NA,1087.3,4300
2014,"Christs",2,"M","Fairbairns",NA,1087.9,4300
2014,"Downing",1,"F","Fairbairns",NA,1022.9,4300
2014,"FaT",1,"F","Fairbairns",NA,1029.8,4300
2014,"Fitz",2,"F","Fairbairns",NA,1034.6,4300
2014,"Queens",1,"F","Fairbairns",NA,1051.5,4300
2014,"Emma",1,"F","Fairbairns",NA,1056.2,4300
2014,"Christs",1,"F","Fairbairns",NA,1062.8,4300
2014,"Clare",1,"F","Fairbairns",NA,1063.3,4300
2014,"Jesus",1,"F","Fairbairns",NA,1080.5,4300
2014,"Kings",1,"F","Fairbairns",NA,1086.9,4300
2014,"Newnham",1,"F","Fairbairns",NA,1089.8,4300
2014,"Fitz",1,"F","Fairbairns",NA,1098.4,4300
2014,"Newnham",2,"F","Fairbairns",NA,1111,4300
2014,"Newnham",3,"F","Fairbairns",NA,1121.5,4300
2014,"Pembroke",1,"F","Fairbairns",NA,1125.4,4300
2014,"Corpus",1,"F","Fairbairns",NA,1135.6,4300
2014,"Girton",1,"F","Fairbairns",NA,1162.5,4300
2014,"Selwyn",1,"F","Fairbairns",NA,1167.9,4300
2014,"Robinson",1,"F","Fairbairns",NA,1173.3,4300
2014,"TitHall",1,"F","Fairbairns",NA,1177.6,4300
2014,"Robinson",1,"M","Newnham Short Course",NA,473,2000
2014,"Emma",1,"M","Newnham Short Course",NA,499,2000
2014,"Clare",1,"M","Newnham Short Course",NA,508,2000
2014,"Christs",1,"M","Newnham Short Course",NA,511,2000
2014,"Catz",1,"M","Newnham Short Course",NA,527,2000
2014,"Churchill",1,"M","Newnham Short Course",NA,536,2000
2014,"Maggie",2,"M","Newnham Short Course",NA,539,2000
2014,"Fitz",1,"M","Newnham Short Course",NA,539,2000
2014,"Darwin",1,"M","Newnham Short Course",NA,540,2000
2014,"HughesHall",1,"M","Newnham Short Course",NA,545,2000
2014,"Jesus",2,"M","Newnham Short Course",NA,545,2000
2014,"Magdalene",1,"M","Newnham Short Course",NA,547,2000
2014,"Eddies",1,"M","Newnham Short Course",NA,551,2000
2014,"Queens",2,"M","Newnham Short Course",NA,551,2000
2014,"Corpus",1,"M","Newnham Short Course",NA,556,2000
2014,"ClareHall",1,"M","Newnham Short Course",NA,567,2000
2014,"Catz",2,"M","Newnham Short Course",NA,569,2000
2014,"Caius",2,"M","Newnham Short Course",NA,571,2000
2014,"Robinson",2,"M","Newnham Short Course",NA,578,2000
2014,"Selwyn",1,"M","Newnham Short Course",NA,582,2000
2014,"Pembroke",2,"M","Newnham Short Course",NA,584,2000
2014,"FaT",1,"F","Newnham Short Course",NA,593,2000
2014,"Maggie",3,"M","Newnham Short Course",NA,594,2000
2014,"Emma",2,"M","Newnham Short Course",NA,595,2000
2014,"Churchill",2,"M","Newnham Short Course",NA,595,2000
2014,"Emma",1,"F","Newnham Short Course",NA,599,2000
2014,"Darwin",2,"M","Newnham Short Course",NA,599,2000
2014,"Clare",1,"F","Newnham Short Course",NA,614,2000
2014,"Jesus",1,"F","Newnham Short Course",NA,617,2000
2014,"Medwards",1,"F","Newnham Short Course",NA,617,2000
2014,"Magdalene",3,"M","Newnham Short Course",NA,618,2000
2014,"Christs",2,"M","Newnham Short Course",NA,620,2000
2014,"Clare",2,"M","Newnham Short Course",NA,623,2000
2014,"Christs",1,"F","Newnham Short Course",NA,627,2000
2014,"Corpus",2,"M","Newnham Short Course",NA,629,2000
2014,"Kings",1,"F","Newnham Short Course",NA,629,2000
2014,"HughesHall",2,"M","Newnham Short Course",NA,630,2000
2014,"FaT",3,"M","Newnham Short Course",NA,631,2000
2014,"HughesHall",1,"F","Newnham Short Course",NA,632,2000
2014,"Churchill",3,"M","Newnham Short Course",NA,632,2000
2014,"Robinson",3,"M","Newnham Short Course",NA,638,2000
2014,"Queens",3,"M","Newnham Short Course",NA,639,2000
2014,"Pembroke",1,"F","Newnham Short Course",NA,640,2000
2014,"Maggie",4,"M","Newnham Short Course",NA,642,2000
2014,"Emma",3,"M","Newnham Short Course",NA,643,2000
2014,"Sidney",1,"F","Newnham Short Course",NA,654,2000
2014,"Magdalene",2,"M","Newnham Short Course",NA,655,2000
2014,"Catz",1,"F","Newnham Short Course",NA,656,2000
2014,"Christs",2,"F","Newnham Short Course",NA,657,2000
2014,"Caius",1,"F","Newnham Short Course",NA,658,2000
2014,"Kings",3,"M","Newnham Short Course",NA,659,2000
2014,"Selwyn",1,"F","Newnham Short Course",NA,659,2000
2014,"Queens",4,"M","Newnham Short Course",NA,662,2000
2014,"Homerton",1,"F","Newnham Short Course",NA,664,2000
2014,"Magdalene",1,"F","Newnham Short Course",NA,664,2000
2014,"Robinson",1,"F","Newnham Short Course",NA,666,2000
2014,"Selwyn",2,"M","Newnham Short Course",NA,668,2000
2014,"Darwin",1,"F","Newnham Short Course",NA,672,2000
2014,"Girton",1,"F","Newnham Short Course",NA,684,2000
2014,"Emma",2,"F","Newnham Short Course",NA,685,2000
2014,"Pembroke",3,"M","Newnham Short Course",NA,686,2000
2014,"FaT",2,"F","Newnham Short Course",NA,689,2000
2014,"Wolfson",1,"F","Newnham Short Course",NA,697,2000
2014,"Clare",3,"M","Newnham Short Course",NA,697,2000
2014,"Darwin",2,"F","Newnham Short Course",NA,715,2000
2014,"Jesus",3,"M","Newnham Short Course",NA,733,2000
2014,"Pembroke",2,"F","Newnham Short Course",NA,739,2000
2014,"Sidney",2,"F","Newnham Short Course",NA,747,2000
2014,"Eddies",1,"F","Newnham Short Course",NA,771,2000
2014,"Magdalene",2,"F","Newnham Short Course",NA,782,2000
2014,"Christs",3,"F","Newnham Short Course",NA,804,2000
2014,"Clare",3,"F","Newnham Short Course",NA,819,2000
2014,"HughesHall",3,"M","Newnham Short Course",NA,845,2000
2014,"Fitz",2,"F","Newnham Short Course",NA,899,2000
2014,"FaT",4,"M","Newnham Short Course",NA,2023,2000
2015,"Jesus",1,"M","Fairbairns",NA,861.8,4300
2015,"Kings",1,"M","Fairbairns",NA,874.7,4300
2015,"Caius",1,"M","Fairbairns",NA,878.7,4300
2015,"Churchill",1,"M","Fairbairns",NA,880.3,4300
2015,"Robinson",1,"M","Fairbairns",NA,882.3,4300
2015,"Maggie",1,"M","Fairbairns",NA,886.2,4300
2015,"Downing",1,"M","Fairbairns",NA,887.5,4300
2015,"Queens",1,"M","Fairbairns",NA,888.5,4300
2015,"Christs",1,"M","Fairbairns",NA,895.6,4300
2015,"FaT",1,"M","Fairbairns",NA,908.5,4300
2015,"Fitz",1,"M","Fairbairns",NA,911.6,4300
2015,"Fitz",2,"M","Fairbairns",NA,913.7,4300
2015,"Clare",1,"M","Fairbairns",NA,919.8,4300
2015,"Catz",1,"M","Fairbairns",NA,921.1,4300
2015,"Jesus",2,"M","Fairbairns",NA,926.5,4300
2015,"Emma",1,"M","Fairbairns",NA,930.8,4300
2015,"Pembroke",1,"M","Fairbairns",NA,934.5,4300
2015,"Corpus",1,"M","Fairbairns",NA,935.4,4300
2015,"TitHall",1,"M","Fairbairns",NA,948.3,4300
2015,"Peterhouse",1,"M","Fairbairns",NA,953.1,4300
2015,"Maggie",2,"M","Fairbairns",NA,958.7,4300
2015,"Selwyn",1,"M","Fairbairns",NA,963.8,4300
2015,"FaT",2,"M","Fairbairns",NA,966.1,4300
2015,"Churchill",2,"M","Fairbairns",NA,968.5,4300
2015,"Darwin",1,"M","Fairbairns",NA,973,4300
2015,"Girton",1,"M","Fairbairns",NA,977.1,4300
2015,"FaT",3,"M","Fairbairns",NA,981.3,4300
2015,"ClareHall",1,"M","Fairbairns",NA,987.3,4300
2015,"Queens",2,"M","Fairbairns",NA,990.9,4300
2015,"Catz",2,"M","Fairbairns",NA,992.2,4300
2015,"Sidney",1,"M","Fairbairns",NA,992.3,4300
2015,"Pembroke",2,"M","Fairbairns",NA,1000.3,4300
2015,"Magdalene",1,"M","Fairbairns",NA,1000.5,4300
2015,"HughesHall",1,"M","Fairbairns",NA,1007.6,4300
2015,"Kings",2,"M","Fairbairns",NA,1028.2,4300
2015,"Robinson",2,"M","Fairbairns",NA,1031.3,4300
2015,"Fitz",3,"M","Fairbairns",NA,1042.9,4300
2015,"Christs",3,"M","Fairbairns",NA,1044.3,4300
2015,"FaT",4,"M","Fairbairns",NA,1064.3,4300
2015,"Clare",2,"M","Fairbairns",NA,1070,4300
2015,"Christs",2,"M","Fairbairns",NA,1089.4,4300
2015,"Jesus",3,"M","Fairbairns",NA,1118.3,4300
2015,"Sidney",2,"M","Fairbairns",NA,1158.5,4300
2015,"Christs",1,"F","Fairbairns",NA,1022.5,4300
2015,"Jesus",1,"F","Fairbairns",NA,1036.6,4300
2015,"Emma",1,"F","Fairbairns",NA,1042.3,4300
2015,"Clare",1,"F","Fairbairns",NA,1043.7,4300
2015,"Kings",1,"F","Fairbairns",NA,1047.1,4300
2015,"HughesHall/LucyCav",1,"F","Fairbairns",NA,1055.3,4300
2015,"Girton",1,"F","Fairbairns",NA,1057.3,4300
2015,"Pembroke",1,"F","Fairbairns",NA,1072.3,4300
2015,"Fitz",1,"F","Fairbairns",NA,1075.4,4300
2015,"Pembroke",2,"F","Fairbairns",NA,1075.8,4300
2015,"Downing",1,"F","Fairbairns",NA,1087.4,4300
2015,"TitHall",1,"F","Fairbairns",NA,1089,4300
2015,"Jesus",2,"F","Fairbairns",NA,1089,4300
2015,"FaT",1,"F","Fairbairns",NA,1095,4300
2015,"Sidney",1,"F","Fairbairns",NA,1095.8,4300
2015,"Robinson",1,"F","Fairbairns",NA,1101.7,4300
2015,"Magdalene",1,"F","Fairbairns",NA,1104.2,4300
2015,"Eddies",1,"F","Fairbairns",NA,1107.2,4300
2015,"FaT",2,"F","Fairbairns",NA,1112.1,4300
2015,"Darwin",1,"F","Fairbairns",NA,1115.1,4300
2015,"Newnham",1,"F","Fairbairns",NA,1121,4300
2015,"Jesus",3,"F","Fairbairns",NA,1127.3,4300
2015,"Corpus",1,"F","Fairbairns",NA,1179.6,4300
2015,"Christs",2,"F","Fairbairns",NA,1190,4300
2015,"Newnham",2,"F","Fairbairns",NA,1232.2,4300
2015,"Robinson",1,"M","Newnham Short Course",NA,412,2000
2015,"Churchill",1,"M","Newnham Short Course",NA,425,2000
2015,"FaT",1,"M","Newnham Short Course",NA,426,2000
2015,"Emma",1,"M","Newnham Short Course",NA,429,2000
2015,"Fitz",1,"M","Newnham Short Course",NA,435,2000
2015,"Clare",1,"M","Newnham Short Course",NA,436,2000
2015,"Maggie",2,"M","Newnham Short Course",NA,440,2000
2015,"Emma",2,"M","Newnham Short Course",NA,440,2000
2015,"FaT",2,"M","Newnham Short Course",NA,443,2000
2015,"Maggie",1,"M","Newnham Short Course",NA,443,2000
2015,"Selwyn",1,"M","Newnham Short Course",NA,445,2000
2015,"Kings",1,"M","Newnham Short Course",NA,450,2000
2015,"Caius",2,"M","Newnham Short Course",NA,451,2000
2015,"Clare",2,"M","Newnham Short Course",NA,454,2000
2015,"Homerton",1,"M","Newnham Short Course",NA,457,2000
2015,"Churchill",2,"M","Newnham Short Course",NA,459,2000
2015,"FaT",3,"M","Newnham Short Course",NA,461,2000
2015,"Queens",2,"M","Newnham Short Course",NA,462,2000
2015,"Jesus",2,"M","Newnham Short Course",NA,464,2000
2015,"Sidney",1,"M","Newnham Short Course",NA,470,2000
2015,"Robinson",2,"M","Newnham Short Course",NA,470,2000
2015,"HughesHall",1,"M","Newnham Short Course",NA,471,2000
2015,"Magdalene",2,"M","Newnham Short Course",NA,473,2000
2015,"Catz",2,"M","Newnham Short Course",NA,479,2000
2015,"Sidney",2,"M","Newnham Short Course",NA,484,2000
2015,"Fitz",2,"M","Newnham Short Course",NA,485,2000
2015,"Kings",2,"M","Newnham Short Course",NA,491,2000
2015,"Jesus",1,"F","Newnham Short Course",NA,491,2000
2015,"Churchill",3,"M","Newnham Short Course",NA,494,2000
2015,"Emma",1,"F","Newnham Short Course",NA,495,2000
2015,"Christs",1,"F","Newnham Short Course",NA,497,2000
2015,"FaT",1,"F","Newnham Short Course",NA,498,2000
2015,"Maggie",3,"M","Newnham Short Course",NA,501,2000
2015,"Christs",2,"F","Newnham Short Course",NA,501,2000
2015,"Downing",1,"F","Newnham Short Course",NA,502,2000
2015,"Churchill",1,"F","Newnham Short Course",NA,504,2000
2015,"Jesus",3,"M","Newnham Short Course",NA,506,2000
2015,"Emma",3,"M","Newnham Short Course",NA,510,2000
2015,"HughesHall",2,"M","Newnham Short Course",NA,513,2000
2015,"Caius",1,"F","Newnham Short Course",NA,519,2000
2015,"Queens",1,"F","Newnham Short Course",NA,520,2000
2015,"Clare",1,"F","Newnham Short Course",NA,520,2000
2015,"Jesus",2,"F","Newnham Short Course",NA,522,2000
2015,"Robinson",3,"M","Newnham Short Course",NA,523,2000
2015,"Fitz",1,"F","Newnham Short Course",NA,524,2000
2015,"Fitz",3,"F","Newnham Short Course",NA,525,2000
2015,"Eddies",1,"F","Newnham Short Course",NA,533,2000
2015,"Homerton",1,"F","Newnham Short Course",NA,535,2000
2015,"Christs",3,"M","Newnham Short Course",NA,537,2000
2015,"Magdalene",3,"M","Newnham Short Course",NA,537,2000
2015,"Magdalene",1,"F","Newnham Short Course",NA,537,2000
2015,"Robinson",1,"F","Newnham Short Course",NA,537,2000
2015,"Sidney",1,"F","Newnham Short Course",NA,537,2000
2015,"Queens",4,"M","Newnham Short Course",NA,538,2000
2015,"Homerton",2,"M","Newnham Short Course",NA,541,2000
2015,"Selwyn",1,"F","Newnham Short Course",NA,541,2000
2015,"Kings",3,"M","Newnham Short Course",NA,542,2000
2015,"Sidney",2,"F","Newnham Short Course",NA,542,2000
2015,"Queens",2,"F","Newnham Short Course",NA,542,2000
2015,"Jesus",3,"F","Newnham Short Course",NA,542,2000
2015,"Catz",1,"F","Newnham Short Course",NA,544,2000
2015,"Clare",2,"F","Newnham Short Course",NA,550,2000
2015,"Emma",2,"F","Newnham Short Course",NA,554,2000
2015,"Sidney",3,"F","Newnham Short Course",NA,558,2000
2015,"HughesHall",2,"F","Newnham Short Course",NA,560,2000
2015,"Emma",4,"M","Newnham Short Course",NA,563,2000
2015,"Catz",2,"F","Newnham Short Course",NA,566,2000
2015,"Christs",3,"F","Newnham Short Course",NA,567,2000
2015,"Fitz",2,"F","Newnham Short Course",NA,569,2000
2015,"FaT",2,"F","Newnham Short Course",NA,571,2000
2015,"Downing",2,"F","Newnham Short Course",NA,573,2000
2015,"FaT",4,"M","Newnham Short Course",NA,584,2000
2015,"Emma",3,"F","Newnham Short Course",NA,593,2000
2015,"Maggie",4,"M","Newnham Short Course",NA,611,2000
2015,"FaT",3,"F","Newnham Short Course",NA,620,2000
2015,"Churchill",2,"F","Newnham Short Course",NA,626,2000
2016,"Downing",1,"M","Fairbairns",NA,854.7,4300
2016,"Queens",1,"M","Fairbairns",NA,862.7,4300
2016,"Maggie",1,"M","Fairbairns",NA,873.9,4300
2016,"Kings",2,"M","Fairbairns",NA,876.3,4300
2016,"Jesus",1,"M","Fairbairns",NA,876.4,4300
2016,"FaT",1,"M","Fairbairns",NA,877.5,4300
2016,"Clare",1,"M","Fairbairns",NA,880.8,4300
2016,"Kings",1,"M","Fairbairns",NA,889.6,4300
2016,"Pembroke",1,"M","Fairbairns",NA,889.9,4300
2016,"TitHall",1,"M","Fairbairns",NA,898.4,4300
2016,"Robinson",2,"M","Fairbairns",NA,900.1,4300
2016,"Catz",1,"M","Fairbairns",NA,908.8,4300
2016,"Robinson",1,"M","Fairbairns",NA,909.9,4300
2016,"Wolfson",1,"M","Fairbairns",NA,910.3,4300
2016,"Fitz",1,"M","Fairbairns",NA,912.7,4300
2016,"Emma",1,"M","Fairbairns",NA,913.9,4300
2016,"Jesus",2,"M","Fairbairns",NA,914.3,4300
2016,"Christs",1,"M","Fairbairns",NA,924,4300
2016,"FaT",2,"M","Fairbairns",NA,928.2,4300
2016,"Emma",3,"M","Fairbairns",NA,937,4300
2016,"Peterhouse",1,"M","Fairbairns",NA,937.5,4300
2016,"Darwin",1,"M","Fairbairns",NA,950.2,4300
2016,"Sidney",1,"M","Fairbairns",NA,950.4,4300
2016,"Kings",3,"M","Fairbairns",NA,952.1,4300
2016,"Queens",2,"M","Fairbairns",NA,961.9,4300
2016,"Girton",1,"M","Fairbairns",NA,962.3,4300
2016,"Clare",2,"M","Fairbairns",NA,974.5,4300
2016,"TitHall",3,"M","Fairbairns",NA,975.6,4300
2016,"Emma",2,"M","Fairbairns",NA,976.4,4300
2016,"Selwyn",1,"M","Fairbairns",NA,982.8,4300
2016,"Catz",2,"M","Fairbairns",NA,983.6,4300
2016,"Pembroke",2,"M","Fairbairns",NA,998.7,4300
2016,"Fitz",2,"M","Fairbairns",NA,1009.9,4300
2016,"HughesHall",1,"M","Fairbairns",NA,1023.6,4300
2016,"FaT",5,"M","Fairbairns",NA,1043,4300
2016,"FaT",4,"M","Fairbairns",NA,1047.1,4300
2016,"Sidney",2,"M","Fairbairns",NA,1053.5,4300
2016,"FaT",3,"M","Fairbairns",NA,1059.4,4300
2016,"Selwyn",2,"M","Fairbairns",NA,1064.7,4300
2016,"TitHall",2,"M","Fairbairns",NA,1080.5,4300
2016,"Jesus",3,"M","Fairbairns",NA,1092.6,4300
2016,"Jesus",1,"F","Fairbairns",NA,969.2,4300
2016,"Downing",1,"F","Fairbairns",NA,985,4300
2016,"Maggie",1,"F","Fairbairns",NA,985.2,4300
2016,"Clare",1,"F","Fairbairns",NA,993.8,4300
2016,"Pembroke",1,"F","Fairbairns",NA,1002.5,4300
2016,"Christs",1,"F","Fairbairns",NA,1005.6,4300
2016,"HughesHall/LucyCav",1,"F","Fairbairns",NA,1007.8,4300
2016,"Emma",1,"F","Fairbairns",NA,1012.1,4300
2016,"Girton",1,"F","Fairbairns",NA,1023.3,4300
2016,"Caius",1,"F","Fairbairns",NA,1027.4,4300
2016,"FaT",1,"F","Fairbairns",NA,1028.5,4300
2016,"Jesus",2,"F","Fairbairns",NA,1045.2,4300
2016,"Kings",1,"F","Fairbairns",NA,1052.1,4300
2016,"Pembroke",2,"F","Fairbairns",NA,1057.4,4300
2016,"Robinson",1,"F","Fairbairns",NA,1062.4,4300
2016,"Eddies",1,"F","Fairbairns",NA,1081,4300
2016,"Darwin",1,"F","Fairbairns",NA,1090.1,4300
2016,"Queens",1,"F","Fairbairns",NA,1092.1,4300
2016,"Newnham",1,"F","Fairbairns",NA,1112.6,4300
2016,"Clare",2,"F","Fairbairns",NA,1139.2,4300
2016,"Emma",2,"F","Fairbairns",NA,1142.4,4300
2016,"FaT",2,"F","Fairbairns",NA,1148.5,4300
2016,"Jesus",3,"F","Fairbairns",NA,1171.3,4300
2016,"Sidney",1,"F","Fairbairns",NA,1186.7,4300
2016,"Robinson",1,"M","Newnham Short Course",NA,424,2000
2016,"Homerton",1,"M","Newnham Short Course",NA,432,2000
2016,"Catz",1,"M","Newnham Short Course",NA,434,2000
2016,"Christs",1,"M","Newnham Short Course",NA,435,2000
2016,"Pembroke",1,"M","Newnham Short Course",NA,435,2000
2016,"TitHall",1,"M","Newnham Short Course",NA,436,2000
2016,"Jesus",2,"M","Newnham Short Course",NA,437,2000
2016,"Clare",1,"M","Newnham Short Course",NA,438,2000
2016,"Fitz",1,"M","Newnham Short Course",NA,442,2000
2016,"Maggie",2,"M","Newnham Short Course",NA,449,2000
2016,"Selwyn",1,"M","Newnham Short Course",NA,460,2000
2016,"Caius",2,"M","Newnham Short Course",NA,461,2000
2016,"Emma",3,"M","Newnham Short Course",NA,473,2000
2016,"Magdalene",2,"M","Newnham Short Course",NA,477,2000
2016,"HughesHall",1,"M","Newnham Short Course",NA,479,2000
2016,"Robinson",2,"M","Newnham Short Course",NA,479,2000
2016,"Jesus",1,"F","Newnham Short Course",NA,479,2000
2016,"Catz",2,"M","Newnham Short Course",NA,482,2000
2016,"Pembroke",2,"M","Newnham Short Course",NA,484,2000
2016,"Sidney",1,"M","Newnham Short Course",NA,486,2000
2016,"Clare",2,"M","Newnham Short Course",NA,487,2000
2016,"Downing",2,"M","Newnham Short Course",NA,487,2000
2016,"Eddies",1,"M","Newnham Short Course",NA,488,2000
2016,"TitHall",2,"M","Newnham Short Course",NA,488,2000
2016,"Catz",3,"M","Newnham Short Course",NA,492,2000
2016,"FaT",3,"M","Newnham Short Course",NA,496,2000
2016,"Eddies",2,"M","Newnham Short Course",NA,497,2000
2016,"Maggie",3,"M","Newnham Short Course",NA,499,2000
2016,"Clare",1,"F","Newnham Short Course",NA,501,2000
2016,"Jesus",2,"F","Newnham Short Course",NA,509,2000
2016,"Christs",2,"M","Newnham Short Course",NA,518,2000
2016,"Churchill",1,"F","Newnham Short Course",NA,518,2000
2016,"Selwyn",2,"M","Newnham Short Course",NA,520,2000
2016,"Emma",1,"F","Newnham Short Course",NA,521,2000
2016,"HughesHall",2,"M","Newnham Short Course",NA,523,2000
2016,"TitHall",1,"F","Newnham Short Course",NA,524,2000
2016,"Caius",1,"F","Newnham Short Course",NA,525,2000
2016,"Jesus",4,"M","Newnham Short Course",NA,525,2000
2016,"Catz",1,"F","Newnham Short Course",NA,526,2000
2016,"Robinson",1,"F","Newnham Short Course",NA,528,2000
2016,"Maggie",4,"M","Newnham Short Course",NA,534,2000
2016,"Queens",4,"M","Newnham Short Course",NA,535,2000
2016,"Medwards",1,"F","Newnham Short Course",NA,535,2000
2016,"Emma",4,"M","Newnham Short Course",NA,535,2000
2016,"Fitz",1,"F","Newnham Short Course",NA,538,2000
2016,"Sidney",2,"M","Newnham Short Course",NA,538,2000
2016,"Clare",3,"M","Newnham Short Course",NA,543,2000
2016,"Kings",1,"F","Newnham Short Course",NA,545,2000
2016,"Maggie",2,"F","Newnham Short Course",NA,547,2000
2016,"Emma",2,"F","Newnham Short Course",NA,549,2000
2016,"Pembroke",3,"M","Newnham Short Course",NA,550,2000
2016,"Robinson",3,"M","Newnham Short Course",NA,551,2000
2016,"Sidney",1,"F","Newnham Short Course",NA,552,2000
2016,"Caius",3,"M","Newnham Short Course",NA,552,2000
2016,"Queens",1,"F","Newnham Short Course",NA,554,2000
2016,"Pembroke",2,"F","Newnham Short Course",NA,554,2000
2016,"Magdalene",3,"M","Newnham Short Course",NA,555,2000
2016,"Sidney",3,"M","Newnham Short Course",NA,555,2000
2016,"TitHall",2,"F","Newnham Short Course",NA,558,2000
2016,"Jesus",3,"F","Newnham Short Course",NA,560,2000
2016,"Downing",2,"F","Newnham Short Course",NA,566,2000
2016,"Maggie",3,"F","Newnham Short Course",NA,566,2000
2016,"ClareHall",1,"F","Newnham Short Course",NA,567,2000
2016,"Selwyn",1,"F","Newnham Short Course",NA,570,2000
2016,"Christs",2,"F","Newnham Short Course",NA,574,2000
2016,"LucyCav",2,"F","Newnham Short Course",NA,579,2000
2016,"Caius",2,"F","Newnham Short Course",NA,581,2000
2016,"Wolfson",2,"F","Newnham Short Course",NA,587,2000
2016,"TitHall",3,"M","Newnham Short Course",NA,596,2000
2016,"Jesus",5,"M","Newnham Short Course",NA,597,2000
2016,"Selwyn",2,"F","Newnham Short Course",NA,605,2000
2016,"Jesus",4,"F","Newnham Short Course",NA,607,2000
2016,"Clare",3,"F","Newnham Short Course",NA,609,2000
2016,"Emma",3,"F","Newnham Short Course",NA,644,2000
2016,"Downing",1,"M","Winter Head 2 Head","leg1",376.8,2000
2016,"FaT",1,"M","Winter Head 2 Head","leg1",387.6,2000
2016,"Maggie",1,"M","Winter Head 2 Head","leg1",383.6,2000
2016,"Jesus",1,"M","Winter Head 2 Head","leg1",394,2000
2016,"Pembroke",1,"M","Winter Head 2 Head","leg1",390.1,2000
2016,"TitHall",1,"M","Winter Head 2 Head","leg1",393.7,2000
2016,"Robinson",1,"M","Winter Head 2 Head","leg1",392,2000
2016,"Caius",2,"M","Winter Head 2 Head","leg1",409,2000
2016,"Clare",1,"M","Winter Head 2 Head","leg1",394.3,2000
2016,"Magdalene",1,"M","Winter Head 2 Head","leg1",394.8,2000
2016,"Queens",1,"M","Winter Head 2 Head","leg1",400,2000
2016,"Homerton",1,"M","Winter Head 2 Head","leg1",401,2000
2016,"Catz",1,"M","Winter Head 2 Head","leg1",403.7,2000
2016,"Emma",1,"M","Winter Head 2 Head","leg1",401.4,2000
2016,"Christs",1,"M","Winter Head 2 Head","leg1",407.9,2000
2016,"Selwyn",1,"M","Winter Head 2 Head","leg1",415.4,2000
2016,"Wolfson",1,"M","Winter Head 2 Head","leg1",418,2000
2016,"Maggie",2,"M","Winter Head 2 Head","leg1",407.1,2000
2016,"Queens",2,"M","Winter Head 2 Head","leg1",430.7,2000
2016,"FaT",2,"M","Winter Head 2 Head","leg1",429.8,2000
2016,"Downing",1,"F","Winter Head 2 Head","leg1",437.6,2000
2016,"Magdalene",2,"M","Winter Head 2 Head","leg1",450.8,2000
2016,"Clare",2,"M","Winter Head 2 Head","leg1",449.2,2000
2016,"Newnham",1,"F","Winter Head 2 Head","leg1",452.2,2000
2016,"TitHall",2,"M","Winter Head 2 Head","leg1",449,2000
2016,"Maggie",1,"F","Winter Head 2 Head","leg1",444.2,2000
2016,"Girton",1,"F","Winter Head 2 Head","leg1",454.7,2000
2016,"Jesus",1,"F","Winter Head 2 Head","leg1",456.1,2000
2016,"Darwin",2,"M","Winter Head 2 Head","leg1",458.6,2000
2016,"Jesus",2,"F","Winter Head 2 Head","leg1",466.5,2000
2016,"Emma",2,"M","Winter Head 2 Head","leg1",466.1,2000
2016,"Downing",2,"M","Winter Head 2 Head","leg1",464,2000
2016,"Maggie",3,"M","Winter Head 2 Head","leg1",464.1,2000
2016,"HughesHall/LucyCav",1,"F","Winter Head 2 Head","leg1",466,2000
2016,"Clare",1,"F","Winter Head 2 Head","leg1",471.4,2000
2016,"Robinson",1,"F","Winter Head 2 Head","leg1",469.2,2000
2016,"Emma",1,"F","Winter Head 2 Head","leg1",456.5,2000
2016,"Emma",3,"M","Winter Head 2 Head","leg1",462.9,2000
2016,"Christs",1,"F","Winter Head 2 Head","leg1",467,2000
2016,"Pembroke",1,"F","Winter Head 2 Head","leg1",473,2000
2016,"FaT",1,"F","Winter Head 2 Head","leg1",479.2,2000
2016,"Wolfson",2,"M","Winter Head 2 Head","leg1",469,2000
2016,"TitHall",1,"F","Winter Head 2 Head","leg1",478.7,2000
2016,"Maggie",2,"F","Winter Head 2 Head","leg1",484,2000
2016,"Clare",3,"M","Winter Head 2 Head","leg1",477.3,2000
2016,"Magdalene",1,"F","Winter Head 2 Head","leg1",490.4,2000
2016,"Robinson",2,"M","Winter Head 2 Head","leg1",487,2000
2016,"Maggie",4,"M","Winter Head 2 Head","leg1",476.5,2000
2016,"Caius",3,"M","Winter Head 2 Head","leg1",486,2000
2016,"Fitz",1,"F","Winter Head 2 Head","leg1",490.7,2000
2016,"Emma",2,"F","Winter Head 2 Head","leg1",490.5,2000
2016,"Homerton",1,"F","Winter Head 2 Head","leg1",487.3,2000
2016,"Newnham",2,"F","Winter Head 2 Head","leg1",501.5,2000
2016,"Jesus",3,"F","Winter Head 2 Head","leg1",506.7,2000
2016,"Queens",1,"F","Winter Head 2 Head","leg1",503.6,2000
2016,"TitHall",2,"F","Winter Head 2 Head","leg1",506.1,2000
2016,"Kings",2,"M","Winter Head 2 Head","leg1",515.8,2000
2016,"Caius",2,"F","Winter Head 2 Head","leg1",509.7,2000
2016,"Downing",2,"F","Winter Head 2 Head","leg1",521.2,2000
2016,"Clare",2,"F","Winter Head 2 Head","leg1",506.1,2000
2016,"Queens",2,"F","Winter Head 2 Head","leg1",531.5,2000
2016,"Magdalene",2,"F","Winter Head 2 Head","leg1",529.5,2000
2016,"Wolfson",2,"F","Winter Head 2 Head","leg1",541,2000
2016,"FaT",2,"F","Winter Head 2 Head","leg1",523,2000
2016,"ClareHall",1,"F","Winter Head 2 Head","leg1",540.6,2000
2016,"Darwin",1,"F","Winter Head 2 Head","leg1",534.8,2000
2016,"Clare",3,"F","Winter Head 2 Head","leg1",565.4,2000
2016,"Emma",3,"F","Winter Head 2 Head","leg1",553,2000
2016,"Downing",1,"M","Winter Head 2 Head","leg2",417,2000
2016,"FaT",1,"M","Winter Head 2 Head","leg2",430.8,2000
2016,"Maggie",1,"M","Winter Head 2 Head","leg2",437.7,2000
2016,"Jesus",1,"M","Winter Head 2 Head","leg2",431.7,2000
2016,"Pembroke",1,"M","Winter Head 2 Head","leg2",437.4,2000
2016,"TitHall",1,"M","Winter Head 2 Head","leg2",436.3,2000
2016,"Robinson",1,"M","Winter Head 2 Head","leg2",444.2,2000
2016,"Caius",2,"M","Winter Head 2 Head","leg2",429,2000
2016,"Clare",1,"M","Winter Head 2 Head","leg2",445.5,2000
2016,"Magdalene",1,"M","Winter Head 2 Head","leg2",445.5,2000
2016,"Queens",1,"M","Winter Head 2 Head","leg2",441,2000
2016,"Homerton",1,"M","Winter Head 2 Head","leg2",445,2000
2016,"Catz",1,"M","Winter Head 2 Head","leg2",451.9,2000
2016,"Emma",1,"M","Winter Head 2 Head","leg2",454.7,2000
2016,"Christs",1,"M","Winter Head 2 Head","leg2",456.6,2000
2016,"Selwyn",1,"M","Winter Head 2 Head","leg2",455.8,2000
2016,"Wolfson",1,"M","Winter Head 2 Head","leg2",457,2000
2016,"Maggie",2,"M","Winter Head 2 Head","leg2",474.1,2000
2016,"Queens",2,"M","Winter Head 2 Head","leg2",468.7,2000
2016,"FaT",2,"M","Winter Head 2 Head","leg2",479.1,2000
2016,"Downing",1,"F","Winter Head 2 Head","leg2",498.5,2000
2016,"Magdalene",2,"M","Winter Head 2 Head","leg2",487.8,2000
2016,"Clare",2,"M","Winter Head 2 Head","leg2",500.7,2000
2016,"Newnham",1,"F","Winter Head 2 Head","leg2",498.4,2000
2016,"TitHall",2,"M","Winter Head 2 Head","leg2",505,2000
2016,"Maggie",1,"F","Winter Head 2 Head","leg2",512.9,2000
2016,"Girton",1,"F","Winter Head 2 Head","leg2",507.1,2000
2016,"Jesus",1,"F","Winter Head 2 Head","leg2",513.9,2000
2016,"Darwin",2,"M","Winter Head 2 Head","leg2",513.3,2000
2016,"Jesus",2,"F","Winter Head 2 Head","leg2",518,2000
2016,"Emma",2,"M","Winter Head 2 Head","leg2",519.4,2000
2016,"Downing",2,"M","Winter Head 2 Head","leg2",523.5,2000
2016,"Maggie",3,"M","Winter Head 2 Head","leg2",526,2000
2016,"HughesHall/LucyCav",1,"F","Winter Head 2 Head","leg2",527,2000
2016,"Clare",1,"F","Winter Head 2 Head","leg2",521.9,2000
2016,"Robinson",1,"F","Winter Head 2 Head","leg2",525.1,2000
2016,"Emma",1,"F","Winter Head 2 Head","leg2",539,2000
2016,"Emma",3,"M","Winter Head 2 Head","leg2",536.6,2000
2016,"Christs",1,"F","Winter Head 2 Head","leg2",536,2000
2016,"Pembroke",1,"F","Winter Head 2 Head","leg2",530,2000
2016,"FaT",1,"F","Winter Head 2 Head","leg2",530.4,2000
2016,"Wolfson",2,"M","Winter Head 2 Head","leg2",543,2000
2016,"TitHall",1,"F","Winter Head 2 Head","leg2",535.3,2000
2016,"Maggie",2,"F","Winter Head 2 Head","leg2",536.7,2000
2016,"Clare",3,"M","Winter Head 2 Head","leg2",547.8,2000
2016,"Magdalene",1,"F","Winter Head 2 Head","leg2",538.2,2000
2016,"Robinson",2,"M","Winter Head 2 Head","leg2",548,2000
2016,"Maggie",4,"M","Winter Head 2 Head","leg2",561.3,2000
2016,"Caius",3,"M","Winter Head 2 Head","leg2",553.2,2000
2016,"Fitz",1,"F","Winter Head 2 Head","leg2",550.7,2000
2016,"Emma",2,"F","Winter Head 2 Head","leg2",556.1,2000
2016,"Homerton",1,"F","Winter Head 2 Head","leg2",571,2000
2016,"Newnham",2,"F","Winter Head 2 Head","leg2",563.3,2000
2016,"Jesus",3,"F","Winter Head 2 Head","leg2",559,2000
2016,"Queens",1,"F","Winter Head 2 Head","leg2",567.3,2000
2016,"TitHall",2,"F","Winter Head 2 Head","leg2",565.8,2000
2016,"Kings",2,"M","Winter Head 2 Head","leg2",564,2000
2016,"Caius",2,"F","Winter Head 2 Head","leg2",571.4,2000
2016,"Downing",2,"F","Winter Head 2 Head","leg2",582,2000
2016,"Clare",2,"F","Winter Head 2 Head","leg2",600.4,2000
2016,"Queens",2,"F","Winter Head 2 Head","leg2",578,2000
2016,"Magdalene",2,"F","Winter Head 2 Head","leg2",582,2000
2016,"Wolfson",2,"F","Winter Head 2 Head","leg2",585.4,2000
2016,"FaT",2,"F","Winter Head 2 Head","leg2",608,2000
2016,"ClareHall",1,"F","Winter Head 2 Head","leg2",599.9,2000
2016,"Darwin",1,"F","Winter Head 2 Head","leg2",612.7,2000
2016,"Clare",3,"F","Winter Head 2 Head","leg2",648.8,2000
2016,"Emma",3,"F","Winter Head 2 Head","leg2",674.4,2000
2017,"Downing",1,"M","Fairbairns",NA,874.9,4300
2017,"Jesus",1,"M","Fairbairns",NA,888.7,4300
2017,"Clare",1,"M","Fairbairns",NA,897.9,4300
2017,"Peterhouse",1,"M","Fairbairns",NA,898,4300
2017,"Christs",1,"M","Fairbairns",NA,899.2,4300
2017,"Maggie",1,"M","Fairbairns",NA,905.8,4300
2017,"Catz",1,"M","Fairbairns",NA,913.6,4300
2017,"Caius",1,"M","Fairbairns",NA,916.2,4300
2017,"TitHall",1,"M","Fairbairns",NA,922.7,4300
2017,"Robinson",1,"M","Fairbairns",NA,924.5,4300
2017,"FaT",1,"M","Fairbairns",NA,926.2,4300
2017,"Pembroke",1,"M","Fairbairns",NA,935.9,4300
2017,"Fitz",1,"M","Fairbairns",NA,938,4300
2017,"Queens",1,"M","Fairbairns",NA,940,4300
2017,"Emma",1,"M","Fairbairns",NA,942.3,4300
2017,"Churchill",1,"M","Fairbairns",NA,948.7,4300
2017,"Kings",1,"M","Fairbairns",NA,949.1,4300
2017,"Girton",1,"M","Fairbairns",NA,951.2,4300
2017,"Kings",3,"M","Fairbairns",NA,956.6,4300
2017,"Jesus",2,"M","Fairbairns",NA,964.9,4300
2017,"FaT",2,"M","Fairbairns",NA,970.2,4300
2017,"Clare",2,"M","Fairbairns",NA,975.4,4300
2017,"Darwin",1,"M","Fairbairns",NA,977.1,4300
2017,"Jesus",3,"M","Fairbairns",NA,983.4,4300
2017,"Pembroke",2,"M","Fairbairns",NA,984.2,4300
2017,"Caius",2,"M","Fairbairns",NA,989.7,4300
2017,"TitHall",2,"M","Fairbairns",NA,1010.6,4300
2017,"FaT",3,"M","Fairbairns",NA,1015.1,4300
2017,"Catz",2,"M","Fairbairns",NA,1027.3,4300
2017,"Emma",3,"M","Fairbairns",NA,1027.8,4300
2017,"Clare",3,"M","Fairbairns",NA,1028.2,4300
2017,"Caius",3,"M","Fairbairns",NA,1037.6,4300
2017,"Sidney",1,"M","Fairbairns",NA,1039.3,4300
2017,"Kings",2,"M","Fairbairns",NA,1049.8,4300
2017,"Jesus",4,"M","Fairbairns",NA,1055.6,4300
2017,"Churchill",2,"M","Fairbairns",NA,1056.2,4300
2017,"Darwin",2,"M","Fairbairns",NA,1056.6,4300
2017,"Emma",2,"M","Fairbairns",NA,1061.7,4300
2017,"Catz",3,"M","Fairbairns",NA,1067.9,4300
2017,"Clare",4,"M","Fairbairns",NA,1100,4300
2017,"Sidney",2,"M","Fairbairns",NA,1100.3,4300
2017,"Selwyn",1,"M","Fairbairns",NA,1118,4300
2017,"Fitz",2,"M","Fairbairns",NA,1122.5,4300
2017,"Christs",2,"M","Fairbairns",NA,1125.8,4300
2017,"Clare",1,"F","Fairbairns",NA,1022,4300
2017,"Downing",1,"F","Fairbairns",NA,1031.3,4300
2017,"Newnham",1,"F","Fairbairns",NA,1034.1,4300
2017,"Queens",1,"F","Fairbairns",NA,1036,4300
2017,"Jesus",1,"F","Fairbairns",NA,1039.1,4300
2017,"HughesHall/LucyCav",1,"F","Fairbairns",NA,1055.9,4300
2017,"Girton",1,"F","Fairbairns",NA,1056.6,4300
2017,"Emma",1,"F","Fairbairns",NA,1069.4,4300
2017,"Caius",1,"F","Fairbairns",NA,1072.2,4300
2017,"Maggie",1,"F","Fairbairns",NA,1083.4,4300
2017,"TitHall",1,"F","Fairbairns",NA,1086.8,4300
2017,"Christs",1,"F","Fairbairns",NA,1090.8,4300
2017,"Darwin",1,"F","Fairbairns",NA,1092.3,4300
2017,"Kings",1,"F","Fairbairns",NA,1097.6,4300
2017,"Newnham",2,"F","Fairbairns",NA,1101.5,4300
2017,"Magdalene",1,"F","Fairbairns",NA,1103.1,4300
2017,"Homerton",1,"F","Fairbairns",NA,1104.6,4300
2017,"Clare",2,"F","Fairbairns",NA,1112.1,4300
2017,"Catz",1,"F","Fairbairns",NA,1122.1,4300
2017,"Fitz",1,"F","Fairbairns",NA,1148.4,4300
2017,"FaT",1,"F","Fairbairns",NA,1154.5,4300
2017,"HughesHall/LucyCav",2,"F","Fairbairns",NA,1162.3,4300
2017,"Jesus",2,"F","Fairbairns",NA,1174.3,4300
2017,"Pembroke",1,"F","Fairbairns",NA,1184.4,4300
2017,"Clare",3,"F","Fairbairns",NA,1232.6,4300
2017,"Darwin",2,"F","Fairbairns",NA,1236.9,4300
2017,"Sidney",1,"F","Fairbairns",NA,1270.5,4300
2017,"Queens",1,"F","Newnham Short Course",NA,477,2000
2017,"Jesus",2,"F","Newnham Short Course",NA,477,2000
2017,"Christs",1,"F","Newnham Short Course",NA,483,2000
2017,"Caius",1,"F","Newnham Short Course",NA,484,2000
2017,"Catz",1,"F","Newnham Short Course",NA,485,2000
2017,"Girton",1,"F","Newnham Short Course",NA,488,2000
2017,"Emma",1,"F","Newnham Short Course",NA,512,2000
2017,"Downing",2,"F","Newnham Short Course",NA,516,2000
2017,"Emma",2,"F","Newnham Short Course",NA,519,2000
2017,"Caius",2,"F","Newnham Short Course",NA,520,2000
2017,"Pembroke",1,"F","Newnham Short Course",NA,521,2000
2017,"HughesHall/LucyCav",2,"F","Newnham Short Course",NA,525,2000
2017,"Clare",2,"F","Newnham Short Course",NA,527,2000
2017,"Sidney",1,"F","Newnham Short Course",NA,533,2000
2017,"Darwin",1,"F","Newnham Short Course",NA,538,2000
2017,"Jesus",3,"F","Newnham Short Course",NA,546,2000
2017,"Clare",3,"F","Newnham Short Course",NA,553,2000
2017,"Maggie",2,"F","Newnham Short Course",NA,554,2000
2017,"Emma",3,"F","Newnham Short Course",NA,559,2000
2017,"Magdalene",2,"F","Newnham Short Course",NA,559,2000
2017,"Medwards",3,"F","Newnham Short Course",NA,560,2000
2017,"Pembroke",3,"F","Newnham Short Course",NA,561,2000
2017,"Churchill",2,"F","Newnham Short Course",NA,562,2000
2017,"ClareHall",1,"F","Newnham Short Course",NA,562,2000
2017,"HughesHall/LucyCav",3,"F","Newnham Short Course",NA,564,2000
2017,"Jesus",4,"F","Newnham Short Course",NA,565,2000
2017,"Christs",2,"F","Newnham Short Course",NA,570,2000
2017,"Clare",4,"F","Newnham Short Course",NA,589,2000
2017,"Caius",3,"F","Newnham Short Course",NA,604,2000
2017,"Clare",1,"M","Newnham Short Course",NA,407,2000
2017,"Robinson",1,"M","Newnham Short Course",NA,409,2000
2017,"Christs",1,"M","Newnham Short Course",NA,409,2000
2017,"Emma",1,"M","Newnham Short Course",NA,423,2000
2017,"Jesus",2,"M","Newnham Short Course",NA,426,2000
2017,"Clare",2,"M","Newnham Short Course",NA,429,2000
2017,"Fitz",1,"M","Newnham Short Course",NA,430,2000
2017,"Girton",1,"M","Newnham Short Course",NA,430,2000
2017,"Maggie",2,"M","Newnham Short Course",NA,432,2000
2017,"TitHall",2,"M","Newnham Short Course",NA,434,2000
2017,"Kings",2,"M","Newnham Short Course",NA,438,2000
2017,"Sidney",1,"M","Newnham Short Course",NA,441,2000
2017,"Wolfson",1,"M","Newnham Short Course",NA,442,2000
2017,"Caius",3,"M","Newnham Short Course",NA,443,2000
2017,"Pembroke",2,"M","Newnham Short Course",NA,446,2000
2017,"Jesus",3,"M","Newnham Short Course",NA,448,2000
2017,"Selwyn",1,"M","Newnham Short Course",NA,450,2000
2017,"HughesHall/LucyCav",1,"M","Newnham Short Course",NA,450,2000
2017,"Emma",2,"M","Newnham Short Course",NA,453,2000
2017,"Robinson",2,"M","Newnham Short Course",NA,454,2000
2017,"Darwin",1,"M","Newnham Short Course",NA,459,2000
2017,"TitHall",3,"M","Newnham Short Course",NA,468,2000
2017,"Magdalene",2,"M","Newnham Short Course",NA,468,2000
2017,"FaT",3,"M","Newnham Short Course",NA,469,2000
2017,"Clare",3,"M","Newnham Short Course",NA,471,2000
2017,"Maggie",3,"M","Newnham Short Course",NA,472,2000
2017,"Kings",3,"M","Newnham Short Course",NA,475,2000
2017,"Christs",3,"M","Newnham Short Course",NA,488,2000
2017,"ClareHall",1,"M","Newnham Short Course",NA,522,2000
2017,"HughesHall/LucyCav",2,"M","Newnham Short Course",NA,527,2000
2017,"FaT",4,"M","Newnham Short Course",NA,532,2000
2017,"Jesus",5,"M","Newnham Short Course",NA,560,2000
2017,"Downing",1,"M","Robinson Head",NA,425.1,2000
2017,"Clare",1,"M","Robinson Head",NA,436,2000
2017,"FaT",1,"M","Robinson Head",NA,456.6,2000
2017,"Maggie",2,"M","Robinson Head",NA,460.9,2000
2017,"Christs",2,"M","Robinson Head",NA,487.2,2000
2017,"Robinson",2,"M","Robinson Head",NA,497.2,2000
2017,"Peterhouse",2,"M","Robinson Head",NA,506.2,2000
2017,"Clare",1,"F","Robinson Head",NA,509.4,2000
2017,"Magdalene",2,"M","Robinson Head",NA,512.8,2000
2017,"FaT",3,"M","Robinson Head",NA,518.9,2000
2017,"Clare",2,"F","Robinson Head",NA,538.6,2000
2017,"Selwyn",2,"M","Robinson Head",NA,565.6,2000
2017,"Darwin",2,"M","Robinson Head",NA,585.1,2000
2017,"Newnham",3,"F","Robinson Head",NA,606.4,2000
2017,"Darwin",3,"F","Robinson Head",NA,667.1,2000
2017,"Downing",1,"M","Winter Head 2 Head","leg1",380.7,2000
2017,"Maggie",1,"M","Winter Head 2 Head","leg1",386.6,2000
2017,"Jesus",1,"M","Winter Head 2 Head","leg1",393.5,2000
2017,"Christs",1,"M","Winter Head 2 Head","leg1",399.2,2000
2017,"Pembroke",1,"M","Winter Head 2 Head","leg1",388,2000
2017,"Robinson",1,"M","Winter Head 2 Head","leg1",393.1,2000
2017,"Caius",1,"M","Winter Head 2 Head","leg1",398.7,2000
2017,"Clare",1,"M","Winter Head 2 Head","leg1",388.3,2000
2017,"Catz",1,"M","Winter Head 2 Head","leg1",409.4,2000
2017,"Jesus",2,"M","Winter Head 2 Head","leg1",412.9,2000
2017,"Emma",1,"M","Winter Head 2 Head","leg1",413,2000
2017,"Kings",1,"M","Winter Head 2 Head","leg1",420.3,2000
2017,"Eddies",1,"M","Winter Head 2 Head","leg1",421.4,2000
2017,"Queens",1,"M","Winter Head 2 Head","leg1",414.3,2000
2017,"Clare",2,"M","Winter Head 2 Head","leg1",424.5,2000
2017,"Maggie",2,"M","Winter Head 2 Head","leg1",420.3,2000
2017,"Caius",2,"M","Winter Head 2 Head","leg1",437,2000
2017,"Downing",2,"M","Winter Head 2 Head","leg1",433.1,2000
2017,"Caius",3,"M","Winter Head 2 Head","leg1",433.8,2000
2017,"Kings",2,"M","Winter Head 2 Head","leg1",429.8,2000
2017,"Catz",2,"M","Winter Head 2 Head","leg1",436.9,2000
2017,"Jesus",1,"F","Winter Head 2 Head","leg1",448.2,2000
2017,"Jesus",3,"M","Winter Head 2 Head","leg1",452.1,2000
2017,"Downing",1,"F","Winter Head 2 Head","leg1",452.7,2000
2017,"Queens",3,"M","Winter Head 2 Head","leg1",454.5,2000
2017,"Maggie",1,"F","Winter Head 2 Head","leg1",459.4,2000
2017,"HughesHall/LucyCav",1,"F","Winter Head 2 Head","leg1",470.5,2000
2017,"Kings",3,"M","Winter Head 2 Head","leg1",455,2000
2017,"Newnham",1,"F","Winter Head 2 Head","leg1",467.2,2000
2017,"Clare",3,"M","Winter Head 2 Head","leg1",470,2000
2017,"Christs",1,"F","Winter Head 2 Head","leg1",471.3,2000
2017,"TitHall",1,"F","Winter Head 2 Head","leg1",478.7,2000
2017,"Caius",1,"F","Winter Head 2 Head","leg1",488.6,2000
2017,"Jesus",2,"F","Winter Head 2 Head","leg1",484,2000
2017,"Jesus",4,"M","Winter Head 2 Head","leg1",499.6,2000
2017,"FaT",1,"F","Winter Head 2 Head","leg1",487.3,2000
2017,"Medwards",1,"F","Winter Head 2 Head","leg1",495.9,2000
2017,"Clare",2,"F","Winter Head 2 Head","leg1",494.2,2000
2017,"Caius",2,"F","Winter Head 2 Head","leg1",499.1,2000
2017,"Darwin",1,"F","Winter Head 2 Head","leg1",503,2000
2017,"FaT",4,"M","Winter Head 2 Head","leg1",506.4,2000
2017,"Pembroke",1,"F","Winter Head 2 Head","leg1",505.4,2000
2017,"Pembroke",2,"F","Winter Head 2 Head","leg1",515.8,2000
2017,"Downing",2,"F","Winter Head 2 Head","leg1",511.6,2000
2017,"FaT",2,"F","Winter Head 2 Head","leg1",510.5,2000
2017,"FaT",3,"M","Winter Head 2 Head","leg1",594.4,2000
2017,"Jesus",3,"F","Winter Head 2 Head","leg1",521.8,2000
2017,"Maggie",3,"F","Winter Head 2 Head","leg1",548.5,2000
2017,"Churchill",2,"F","Winter Head 2 Head","leg1",527.4,2000
2017,"Clare",3,"F","Winter Head 2 Head","leg1",527.9,2000
2017,"Jesus",4,"F","Winter Head 2 Head","leg1",567.7,2000
2017,"FaT",5,"M","Winter Head 2 Head","leg1",578.2,2000
2017,"Medwards",2,"F","Winter Head 2 Head","leg1",547.4,2000
2017,"Downing",1,"M","Winter Head 2 Head","leg2",409.9,2000
2017,"Maggie",1,"M","Winter Head 2 Head","leg2",414.8,2000
2017,"Jesus",1,"M","Winter Head 2 Head","leg2",416.8,2000
2017,"Christs",1,"M","Winter Head 2 Head","leg2",416.6,2000
2017,"Pembroke",1,"M","Winter Head 2 Head","leg2",430.9,2000
2017,"Robinson",1,"M","Winter Head 2 Head","leg2",427.5,2000
2017,"Caius",1,"M","Winter Head 2 Head","leg2",423.8,2000
2017,"Clare",1,"M","Winter Head 2 Head","leg2",436.8,2000
2017,"Catz",1,"M","Winter Head 2 Head","leg2",436.2,2000
2017,"Jesus",2,"M","Winter Head 2 Head","leg2",446.6,2000
2017,"Emma",1,"M","Winter Head 2 Head","leg2",453.4,2000
2017,"Kings",1,"M","Winter Head 2 Head","leg2",448.6,2000
2017,"Eddies",1,"M","Winter Head 2 Head","leg2",453.3,2000
2017,"Queens",1,"M","Winter Head 2 Head","leg2",466,2000
2017,"Clare",2,"M","Winter Head 2 Head","leg2",457.7,2000
2017,"Maggie",2,"M","Winter Head 2 Head","leg2",464.3,2000
2017,"Caius",2,"M","Winter Head 2 Head","leg2",454.6,2000
2017,"Downing",2,"M","Winter Head 2 Head","leg2",463.3,2000
2017,"Caius",3,"M","Winter Head 2 Head","leg2",481.2,2000
2017,"Kings",2,"M","Winter Head 2 Head","leg2",489.1,2000
2017,"Catz",2,"M","Winter Head 2 Head","leg2",497.2,2000
2017,"Jesus",1,"F","Winter Head 2 Head","leg2",497.8,2000
2017,"Jesus",3,"M","Winter Head 2 Head","leg2",501.2,2000
2017,"Downing",1,"F","Winter Head 2 Head","leg2",509,2000
2017,"Queens",3,"M","Winter Head 2 Head","leg2",517.8,2000
2017,"Maggie",1,"F","Winter Head 2 Head","leg2",513.5,2000
2017,"HughesHall/LucyCav",1,"F","Winter Head 2 Head","leg2",504.7,2000
2017,"Kings",3,"M","Winter Head 2 Head","leg2",521.8,2000
2017,"Newnham",1,"F","Winter Head 2 Head","leg2",515.3,2000
2017,"Clare",3,"M","Winter Head 2 Head","leg2",516.6,2000
2017,"Christs",1,"F","Winter Head 2 Head","leg2",524.5,2000
2017,"TitHall",1,"F","Winter Head 2 Head","leg2",526.9,2000
2017,"Caius",1,"F","Winter Head 2 Head","leg2",523.6,2000
2017,"Jesus",2,"F","Winter Head 2 Head","leg2",537.4,2000
2017,"Jesus",4,"M","Winter Head 2 Head","leg2",527.7,2000
2017,"FaT",1,"F","Winter Head 2 Head","leg2",542.7,2000
2017,"Medwards",1,"F","Winter Head 2 Head","leg2",540.1,2000
2017,"Clare",2,"F","Winter Head 2 Head","leg2",545.6,2000
2017,"Caius",2,"F","Winter Head 2 Head","leg2",545.4,2000
2017,"Darwin",1,"F","Winter Head 2 Head","leg2",542.6,2000
2017,"FaT",4,"M","Winter Head 2 Head","leg2",574.4,2000
2017,"Pembroke",1,"F","Winter Head 2 Head","leg2",576,2000
2017,"Pembroke",2,"F","Winter Head 2 Head","leg2",565.8,2000
2017,"Downing",2,"F","Winter Head 2 Head","leg2",572.1,2000
2017,"FaT",2,"F","Winter Head 2 Head","leg2",579.1,2000
2017,"FaT",3,"M","Winter Head 2 Head","leg2",515.4,2000
2017,"Jesus",3,"F","Winter Head 2 Head","leg2",589.9,2000
2017,"Maggie",3,"F","Winter Head 2 Head","leg2",580.8,2000
2017,"Churchill",2,"F","Winter Head 2 Head","leg2",605.9,2000
2017,"Clare",3,"F","Winter Head 2 Head","leg2",610.2,2000
2017,"Jesus",4,"F","Winter Head 2 Head","leg2",634.8,2000
2017,"FaT",5,"M","Winter Head 2 Head","leg2",660.8,2000
2017,"Medwards",2,"F","Winter Head 2 Head","leg2",821.8,2000
2018,"Jesus",1,"M","Fairbairns",NA,910.7,4300
2018,"Caius",1,"M","Fairbairns",NA,912.1,4300
2018,"Downing",1,"M","Fairbairns",NA,918.5,4300
2018,"Catz",1,"M","Fairbairns",NA,929.2,4300
2018,"Robinson",1,"M","Fairbairns",NA,936.9,4300
2018,"Clare",1,"M","Fairbairns",NA,937,4300
2018,"Christs",1,"M","Fairbairns",NA,950.8,4300
2018,"Emma",1,"M","Fairbairns",NA,957.6,4300
2018,"Churchill",1,"M","Fairbairns",NA,958.7,4300
2018,"Queens",1,"M","Fairbairns",NA,962.1,4300
2018,"Eddies",1,"M","Fairbairns",NA,966.4,4300
2018,"Kings",1,"M","Fairbairns",NA,979.7,4300
2018,"FaT",1,"M","Fairbairns",NA,982.5,4300
2018,"Fitz",2,"M","Fairbairns",NA,985.3,4300
2018,"Fitz",1,"M","Fairbairns",NA,993,4300
2018,"Corpus",1,"M","Fairbairns",NA,993.6,4300
2018,"Jesus",2,"M","Fairbairns",NA,994.1,4300
2018,"Wolfson",1,"M","Fairbairns",NA,994.8,4300
2018,"Queens",2,"M","Fairbairns",NA,995.8,4300
2018,"Kings",2,"M","Fairbairns",NA,999.5,4300
2018,"Kings",3,"M","Fairbairns",NA,999.8,4300
2018,"FaT",2,"M","Fairbairns",NA,1005.1,4300
2018,"Sidney",1,"M","Fairbairns",NA,1008.6,4300
2018,"HughesHall",1,"M","Fairbairns",NA,1015.7,4300
2018,"Homerton",1,"M","Fairbairns",NA,1028,4300
2018,"Darwin",1,"M","Fairbairns",NA,1030.8,4300
2018,"TitHall",2,"M","Fairbairns",NA,1031.3,4300
2018,"Peterhouse",1,"M","Fairbairns",NA,1044.4,4300
2018,"FaT",3,"M","Fairbairns",NA,1048.6,4300
2018,"Christs",3,"M","Fairbairns",NA,1050.3,4300
2018,"Emma",2,"M","Fairbairns",NA,1062,4300
2018,"Clare",2,"M","Fairbairns",NA,1064.2,4300
2018,"TitHall",1,"M","Fairbairns",NA,1064.8,4300
2018,"Pembroke",1,"M","Fairbairns",NA,1065.9,4300
2018,"Churchill",2,"M","Fairbairns",NA,1075.5,4300
2018,"Catz",2,"M","Fairbairns",NA,1079.6,4300
2018,"Christs",2,"M","Fairbairns",NA,1080.5,4300
2018,"Clare",3,"M","Fairbairns",NA,1087.1,4300
2018,"Christs",4,"M","Fairbairns",NA,1106,4300
2018,"Fitz",3,"M","Fairbairns",NA,1117.6,4300
2018,"Jesus",3,"M","Fairbairns",NA,1131.4,4300
2018,"FaT",4,"M","Fairbairns",NA,1175.9,4300
2018,"Christs",5,"M","Fairbairns",NA,1207.1,4300
2018,"Jesus",1,"F","Fairbairns",NA,1033.5,4300
2018,"Emma",1,"F","Fairbairns",NA,1053.6,4300
2018,"Downing",1,"F","Fairbairns",NA,1057.8,4300
2018,"Newnham",1,"F","Fairbairns",NA,1063.5,4300
2018,"Clare",1,"F","Fairbairns",NA,1068.5,4300
2018,"Catz",1,"F","Fairbairns",NA,1084.5,4300
2018,"Queens",1,"F","Fairbairns",NA,1088.6,4300
2018,"Maggie",1,"F","Fairbairns",NA,1097.9,4300
2018,"Christs",1,"F","Fairbairns",NA,1100.1,4300
2018,"Pembroke",1,"F","Fairbairns",NA,1107,4300
2018,"TitHall",1,"F","Fairbairns",NA,1115.5,4300
2018,"Kings",1,"F","Fairbairns",NA,1120.3,4300
2018,"Caius",1,"F","Fairbairns",NA,1127.4,4300
2018,"Darwin",1,"F","Fairbairns",NA,1129.1,4300
2018,"Magdalene",1,"F","Fairbairns",NA,1137.4,4300
2018,"Jesus",2,"F","Fairbairns",NA,1151.8,4300
2018,"Catz",2,"F","Fairbairns",NA,1155,4300
2018,"Sidney",1,"F","Fairbairns",NA,1160.2,4300
2018,"Newnham",2,"F","Fairbairns",NA,1160.5,4300
2018,"Homerton",1,"F","Fairbairns",NA,1163.5,4300
2018,"TitHall",3,"F","Fairbairns",NA,1174.9,4300
2018,"LucyCav",1,"F","Fairbairns",NA,1185.9,4300
2018,"Clare",2,"F","Fairbairns",NA,1187.8,4300
2018,"FaT",1,"F","Fairbairns",NA,1188.6,4300
2018,"Downing",2,"F","Fairbairns",NA,1191.9,4300
2018,"Kings",3,"F","Fairbairns",NA,1193.2,4300
2018,"Pembroke",2,"F","Fairbairns",NA,1194,4300
2018,"Emma",2,"F","Fairbairns",NA,1207.9,4300
2018,"Christs",2,"F","Fairbairns",NA,1241.1,4300
2018,"Kings",2,"F","Fairbairns",NA,1243.5,4300
2018,"Darwin",2,"F","Fairbairns",NA,1262.6,4300
2018,"TitHall",2,"F","Fairbairns",NA,1270.1,4300
2018,"Clare",1,"F","Newnham Short Course",NA,496,2000
2018,"Queens",1,"F","Newnham Short Course",NA,491,2000
2018,"Darwin",1,"F","Newnham Short Course",NA,509,2000
2018,"Emma",1,"F","Newnham Short Course",NA,480,2000
2018,"Catz",1,"F","Newnham Short Course",NA,511,2000
2018,"Magdalene",1,"F","Newnham Short Course",NA,539,2000
2018,"Sidney",1,"F","Newnham Short Course",NA,513,2000
2018,"Robinson",1,"F","Newnham Short Course",NA,547,2000
2018,"Eddies",1,"F","Newnham Short Course",NA,563,2000
2018,"Christs",1,"F","Newnham Short Course",NA,506,2000
2018,"Caius",1,"F","Newnham Short Course",NA,487,2000
2018,"Queens",2,"F","Newnham Short Course",NA,584,2000
2018,"Emma",2,"F","Newnham Short Course",NA,540,2000
2018,"FaT",2,"F","Newnham Short Course",NA,556,2000
2018,"Darwin",2,"F","Newnham Short Course",NA,575,2000
2018,"Christs",2,"F","Newnham Short Course",NA,556,2000
2018,"Jesus",2,"F","Newnham Short Course",NA,512,2000
2018,"Maggie",2,"F","Newnham Short Course",NA,528,2000
2018,"Medwards",2,"F","Newnham Short Course",NA,557,2000
2018,"Catz",2,"F","Newnham Short Course",NA,506,2000
2018,"Caius",2,"F","Newnham Short Course",NA,517,2000
2018,"TitHall",2,"F","Newnham Short Course",NA,534,2000
2018,"Magdalene",2,"F","Newnham Short Course",NA,556,2000
2018,"Catz",3,"F","Newnham Short Course",NA,594,2000
2018,"TitHall",3,"F","Newnham Short Course",NA,586,2000
2018,"Jesus",3,"F","Newnham Short Course",NA,574,2000
2018,"Emma",3,"F","Newnham Short Course",NA,568,2000
2018,"Clare",3,"F","Newnham Short Course",NA,577,2000
2018,"Maggie",3,"F","Newnham Short Course",NA,573,2000
2018,"Pembroke",3,"F","Newnham Short Course",NA,584,2000
2018,"FaT",1,"M","Newnham Short Course",NA,418,2000
2018,"Catz",1,"M","Newnham Short Course",NA,435,2000
2018,"Emma",1,"M","Newnham Short Course",NA,425,2000
2018,"Eddies",1,"M","Newnham Short Course",NA,425,2000
2018,"Pembroke",1,"M","Newnham Short Course",NA,411,2000
2018,"Robinson",1,"M","Newnham Short Course",NA,414,2000
2018,"Homerton",1,"M","Newnham Short Course",NA,455,2000
2018,"HughesHall",1,"M","Newnham Short Course",NA,425,2000
2018,"ClareHall",1,"M","Newnham Short Course",NA,540,2000
2018,"Maggie",1,"M","Newnham Short Course",NA,398,2000
2018,"Queens",1,"M","Newnham Short Course",NA,428,2000
2018,"Christs",1,"M","Newnham Short Course",NA,416,2000
2018,"Clare",1,"M","Newnham Short Course",NA,414,2000
2018,"Darwin",1,"M","Newnham Short Course",NA,443,2000
2018,"Selwyn",1,"M","Newnham Short Course",NA,444,2000
2018,"Maggie",2,"M","Newnham Short Course",NA,480,2000
2018,"Christs",2,"M","Newnham Short Course",NA,451,2000
2018,"Jesus",2,"M","Newnham Short Course",NA,436,2000
2018,"FaT",2,"M","Newnham Short Course",NA,447,2000
2018,"Clare",2,"M","Newnham Short Course",NA,449,2000
2018,"Catz",2,"M","Newnham Short Course",NA,453,2000
2018,"Magdalene",2,"M","Newnham Short Course",NA,457,2000
2018,"TitHall",2,"M","Newnham Short Course",NA,446,2000
2018,"Darwin",2,"M","Newnham Short Course",NA,501,2000
2018,"Pembroke",2,"M","Newnham Short Course",NA,430,2000
2018,"Emma",2,"M","Newnham Short Course",NA,445,2000
2018,"Sidney",2,"M","Newnham Short Course",NA,502,2000
2018,"Queens",2,"M","Newnham Short Course",NA,452,2000
2018,"Maggie",3,"M","Newnham Short Course",NA,489,2000
2018,"Christs",3,"M","Newnham Short Course",NA,530,2000
2018,"Clare",3,"M","Newnham Short Course",NA,485,2000
2018,"Caius",3,"M","Newnham Short Course",NA,454,2000
2018,"FaT",3,"M","Newnham Short Course",NA,472,2000
2018,"Jesus",3,"M","Newnham Short Course",NA,505,2000
2018,"Kings",3,"M","Newnham Short Course",NA,511,2000
2018,"Pembroke",3,"M","Newnham Short Course",NA,471,2000
2018,"Emma",3,"M","Newnham Short Course",NA,485,2000
2018,"Magdalene",3,"M","Newnham Short Course",NA,537,2000
2018,"TitHall",3,"M","Newnham Short Course",NA,504,2000
2018,"Queens",3,"M","Newnham Short Course",NA,495,2000
2018,"Catz",3,"M","Newnham Short Course",NA,478,2000
2018,"Emma",4,"M","Newnham Short Course",NA,555,2000
2018,"FaT",4,"M","Newnham Short Course",NA,559,2000
2018,"Queens",4,"M","Newnham Short Course",NA,492,2000
2018,"TitHall",4,"M","Newnham Short Course",NA,533,2000
2018,"Downing",1,"M","Robinson Head",NA,447.3,2000
2018,"Clare",1,"M","Robinson Head",NA,450.2,2000
2018,"Emma",1,"M","Robinson Head",NA,460.9,2000
2018,"Catz",1,"M","Robinson Head",NA,463.8,2000
2018,"HughesHall",1,"M","Robinson Head",NA,471.2,2000
2018,"Wolfson",1,"M","Robinson Head",NA,487,2000
2018,"Robinson",2,"M","Robinson Head",NA,492.4,2000
2018,"Emma",2,"M","Robinson Head",NA,501.4,2000
2018,"Catz",2,"M","Robinson Head",NA,502.3,2000
2018,"Downing",2,"M","Robinson Head",NA,508.2,2000
2018,"HughesHall",2,"M","Robinson Head",NA,517.8,2000
2018,"Clare",3,"M","Robinson Head",NA,528.2,2000
2018,"Maggie",4,"M","Robinson Head",NA,590.8,2000
2018,"Maggie",1,"M","Winter Head 2 Head","leg1",382.8,2000
2018,"Downing",1,"M","Winter Head 2 Head","leg1",381.6,2000
2018,"Caius",1,"M","Winter Head 2 Head","leg1",375.6,2000
2018,"Pembroke",1,"M","Winter Head 2 Head","leg1",380.4,2000
2018,"Magdalene",1,"M","Winter Head 2 Head","leg1",387.2,2000
2018,"Clare",1,"M","Winter Head 2 Head","leg1",383.3,2000
2018,"Christs",1,"M","Winter Head 2 Head","leg1",400,2000
2018,"Eddies",1,"M","Winter Head 2 Head","leg1",401,2000
2018,"Catz",1,"M","Winter Head 2 Head","leg1",390.8,2000
2018,"Queens",1,"M","Winter Head 2 Head","leg1",401.7,2000
2018,"FaT",1,"M","Winter Head 2 Head","leg1",402.7,2000
2018,"Churchill",1,"M","Winter Head 2 Head","leg1",407.9,2000
2018,"Pembroke",2,"M","Winter Head 2 Head","leg1",412.5,2000
2018,"Corpus",1,"M","Winter Head 2 Head","leg1",409,2000
2018,"Jesus",2,"M","Winter Head 2 Head","leg1",420.2,2000
2018,"Queens",2,"M","Winter Head 2 Head","leg1",420.8,2000
2018,"Christs",2,"M","Winter Head 2 Head","leg1",426.8,2000
2018,"FaT",2,"M","Winter Head 2 Head","leg1",422.1,2000
2018,"Newnham",1,"F","Winter Head 2 Head","leg1",433.1,2000
2018,"Caius",2,"M","Winter Head 2 Head","leg1",430.7,2000
2018,"TitHall",2,"M","Winter Head 2 Head","leg1",450.4,2000
2018,"FaT",3,"M","Winter Head 2 Head","leg1",443.1,2000
2018,"Pembroke",1,"F","Winter Head 2 Head","leg1",446,2000
2018,"Downing",2,"M","Winter Head 2 Head","leg1",445.8,2000
2018,"Clare",1,"F","Winter Head 2 Head","leg1",447.9,2000
2018,"Maggie",2,"M","Winter Head 2 Head","leg1",445.3,2000
2018,"TitHall",1,"F","Winter Head 2 Head","leg1",453.3,2000
2018,"Downing",1,"F","Winter Head 2 Head","leg1",457.4,2000
2018,"FaT",1,"F","Winter Head 2 Head","leg1",466.7,2000
2018,"Queens",1,"F","Winter Head 2 Head","leg1",461.5,2000
2018,"Queens",3,"M","Winter Head 2 Head","leg1",459.4,2000
2018,"Caius",1,"F","Winter Head 2 Head","leg1",463.1,2000
2018,"Darwin",1,"F","Winter Head 2 Head","leg1",466.2,2000
2018,"Jesus",2,"F","Winter Head 2 Head","leg1",476.8,2000
2018,"Sidney",1,"F","Winter Head 2 Head","leg1",474.2,2000
2018,"Christs",1,"F","Winter Head 2 Head","leg1",467.1,2000
2018,"Medwards",1,"F","Winter Head 2 Head","leg1",493.5,2000
2018,"Jesus",3,"M","Winter Head 2 Head","leg1",488.9,2000
2018,"Newnham",2,"F","Winter Head 2 Head","leg1",499.7,2000
2018,"Maggie",2,"F","Winter Head 2 Head","leg1",481.8,2000
2018,"Downing",2,"F","Winter Head 2 Head","leg1",500,2000
2018,"TitHall",2,"F","Winter Head 2 Head","leg1",523.1,2000
2018,"Clare",2,"F","Winter Head 2 Head","leg1",504.2,2000
2018,"Wolfson",1,"F","Winter Head 2 Head","leg1",510.5,2000
2018,"Caius",2,"F","Winter Head 2 Head","leg1",504.6,2000
2018,"Jesus",3,"F","Winter Head 2 Head","leg1",527.1,2000
2018,"Pembroke",2,"F","Winter Head 2 Head","leg1",504.7,2000
2018,"FaT",2,"F","Winter Head 2 Head","leg1",530.8,2000
2018,"Christs",2,"F","Winter Head 2 Head","leg1",559.4,2000
2018,"FaT",4,"M","Winter Head 2 Head","leg1",562.3,2000
2018,"Darwin",2,"F","Winter Head 2 Head","leg1",557.7,2000
2018,"Maggie",1,"M","Winter Head 2 Head","leg2",441.1,2000
2018,"Downing",1,"M","Winter Head 2 Head","leg2",444.5,2000
2018,"Caius",1,"M","Winter Head 2 Head","leg2",451.7,2000
2018,"Pembroke",1,"M","Winter Head 2 Head","leg2",450.5,2000
2018,"Magdalene",1,"M","Winter Head 2 Head","leg2",445.8,2000
2018,"Clare",1,"M","Winter Head 2 Head","leg2",467.3,2000
2018,"Christs",1,"M","Winter Head 2 Head","leg2",469.7,2000
2018,"Eddies",1,"M","Winter Head 2 Head","leg2",469.2,2000
2018,"Catz",1,"M","Winter Head 2 Head","leg2",480.5,2000
2018,"Queens",1,"M","Winter Head 2 Head","leg2",483.1,2000
2018,"FaT",1,"M","Winter Head 2 Head","leg2",483.5,2000
2018,"Churchill",1,"M","Winter Head 2 Head","leg2",486.2,2000
2018,"Pembroke",2,"M","Winter Head 2 Head","leg2",495.1,2000
2018,"Corpus",1,"M","Winter Head 2 Head","leg2",501.4,2000
2018,"Jesus",2,"M","Winter Head 2 Head","leg2",500,2000
2018,"Queens",2,"M","Winter Head 2 Head","leg2",508.3,2000
2018,"Christs",2,"M","Winter Head 2 Head","leg2",505.3,2000
2018,"FaT",2,"M","Winter Head 2 Head","leg2",517.6,2000
2018,"Newnham",1,"F","Winter Head 2 Head","leg2",508.4,2000
2018,"Caius",2,"M","Winter Head 2 Head","leg2",524,2000
2018,"TitHall",2,"M","Winter Head 2 Head","leg2",518.1,2000
2018,"FaT",3,"M","Winter Head 2 Head","leg2",533.4,2000
2018,"Pembroke",1,"F","Winter Head 2 Head","leg2",535.6,2000
2018,"Downing",2,"M","Winter Head 2 Head","leg2",538.2,2000
2018,"Clare",1,"F","Winter Head 2 Head","leg2",538.4,2000
2018,"Maggie",2,"M","Winter Head 2 Head","leg2",542,2000
2018,"TitHall",1,"F","Winter Head 2 Head","leg2",542.3,2000
2018,"Downing",1,"F","Winter Head 2 Head","leg2",552.7,2000
2018,"FaT",1,"F","Winter Head 2 Head","leg2",548.8,2000
2018,"Queens",1,"F","Winter Head 2 Head","leg2",559.2,2000
2018,"Queens",3,"M","Winter Head 2 Head","leg2",562.4,2000
2018,"Caius",1,"F","Winter Head 2 Head","leg2",560.2,2000
2018,"Darwin",1,"F","Winter Head 2 Head","leg2",557.6,2000
2018,"Jesus",2,"F","Winter Head 2 Head","leg2",563.6,2000
2018,"Sidney",1,"F","Winter Head 2 Head","leg2",573.6,2000
2018,"Christs",1,"F","Winter Head 2 Head","leg2",586.7,2000
2018,"Medwards",1,"F","Winter Head 2 Head","leg2",574,2000
2018,"Jesus",3,"M","Winter Head 2 Head","leg2",582.3,2000
2018,"Newnham",2,"F","Winter Head 2 Head","leg2",593.3,2000
2018,"Maggie",2,"F","Winter Head 2 Head","leg2",614.2,2000
2018,"Downing",2,"F","Winter Head 2 Head","leg2",600.2,2000
2018,"TitHall",2,"F","Winter Head 2 Head","leg2",577.4,2000
2018,"Clare",2,"F","Winter Head 2 Head","leg2",599.1,2000
2018,"Wolfson",1,"F","Winter Head 2 Head","leg2",605,2000
2018,"Caius",2,"F","Winter Head 2 Head","leg2",634.1,2000
2018,"Jesus",3,"F","Winter Head 2 Head","leg2",626.5,2000
2018,"Pembroke",2,"F","Winter Head 2 Head","leg2",654.4,2000
2018,"FaT",2,"F","Winter Head 2 Head","leg2",640.4,2000
2018,"Christs",2,"F","Winter Head 2 Head","leg2",617.2,2000
2018,"FaT",4,"M","Winter Head 2 Head","leg2",654.2,2000
2018,"Darwin",2,"F","Winter Head 2 Head","leg2",679.4,2000
2019,"Downing",1,"M","Fairbairns",NA,856,4300
2019,"Jesus",1,"M","Fairbairns",NA,881,4300
2019,"Emma",1,"M","Fairbairns",NA,889,4300
2019,"Caius",1,"M","Fairbairns",NA,895,4300
2019,"Pembroke",1,"M","Fairbairns",NA,895,4300
2019,"TitHall",1,"M","Fairbairns",NA,900,4300
2019,"FaT",1,"M","Fairbairns",NA,901,4300
2019,"Christs",1,"M","Fairbairns",NA,924,4300
2019,"Churchill",1,"M","Fairbairns",NA,924,4300
2019,"Darwin",1,"M","Fairbairns",NA,926,4300
2019,"Catz",1,"M","Fairbairns",NA,928,4300
2019,"Pembroke",2,"M","Fairbairns",NA,930,4300
2019,"Selwyn",1,"M","Fairbairns",NA,935,4300
2019,"Queens",1,"M","Fairbairns",NA,936,4300
2019,"Emma",2,"M","Fairbairns",NA,936,4300
2019,"Caius",2,"M","Fairbairns",NA,940,4300
2019,"Jesus",2,"M","Fairbairns",NA,946,4300
2019,"Clare",1,"M","Fairbairns",NA,947,4300
2019,"Magdalene",2,"M","Fairbairns",NA,949,4300
2019,"HughesHall",1,"M","Fairbairns",NA,954,4300
2019,"Downing",2,"M","Fairbairns",NA,954,4300
2019,"Sidney",1,"M","Fairbairns",NA,955,4300
2019,"Eddies",1,"M","Fairbairns",NA,969,4300
2019,"Christs",2,"M","Fairbairns",NA,974,4300
2019,"Queens",2,"M","Fairbairns",NA,979,4300
2019,"FaT",2,"M","Fairbairns",NA,981,4300
2019,"Homerton",1,"M","Fairbairns",NA,994,4300
2019,"Wolfson",1,"M","Fairbairns",NA,997,4300
2019,"FaT",3,"M","Fairbairns",NA,1019,4300
2019,"TitHall",4,"M","Fairbairns",NA,1019,4300
2019,"Christs",3,"M","Fairbairns",NA,1026,4300
2019,"Clare",2,"M","Fairbairns",NA,1033,4300
2019,"TitHall",2,"M","Fairbairns",NA,1036,4300
2019,"Fitz",1,"M","Fairbairns",NA,1053,4300
2019,"Clare",3,"M","Fairbairns",NA,1053,4300
2019,"Downing",3,"M","Fairbairns",NA,1058,4300
2019,"FaT",4,"M","Fairbairns",NA,1064,4300
2019,"Christs",4,"M","Fairbairns",NA,1065,4300
2019,"Churchill",2,"M","Fairbairns",NA,1066,4300
2019,"TitHall",3,"M","Fairbairns",NA,1124,4300
2019,"Christs",5,"M","Fairbairns",NA,1176,4300
2019,"Jesus",3,"M","Fairbairns",NA,1198,4300
2019,"Jesus",1,"F","Fairbairns",NA,996,4300
2019,"Caius",1,"F","Fairbairns",NA,1007,4300
2019,"TitHall",1,"F","Fairbairns",NA,1019,4300
2019,"Emma",1,"F","Fairbairns",NA,1026,4300
2019,"Downing",1,"F","Fairbairns",NA,1029,4300
2019,"Queens",1,"F","Fairbairns",NA,1031,4300
2019,"Churchill",1,"F","Fairbairns",NA,1034,4300
2019,"Pembroke",1,"F","Fairbairns",NA,1036,4300
2019,"Maggie",1,"F","Fairbairns",NA,1039,4300
2019,"Homerton",1,"F","Fairbairns",NA,1040,4300
2019,"Darwin",1,"F","Fairbairns",NA,1056,4300
2019,"Corpus",1,"F","Fairbairns",NA,1058,4300
2019,"Clare",1,"F","Fairbairns",NA,1066,4300
2019,"Fitz",1,"F","Fairbairns",NA,1069,4300
2019,"Emma",2,"F","Fairbairns",NA,1074,4300
2019,"Selwyn",1,"F","Fairbairns",NA,1077,4300
2019,"Catz",1,"F","Fairbairns",NA,1083,4300
2019,"LucyCav",1,"F","Fairbairns",NA,1102,4300
2019,"Newnham",1,"F","Fairbairns",NA,1109,4300
2019,"TitHall",3,"F","Fairbairns",NA,1115,4300
2019,"Jesus",2,"F","Fairbairns",NA,1119,4300
2019,"Queens",2,"F","Fairbairns",NA,1129,4300
2019,"TitHall",2,"F","Fairbairns",NA,1145,4300
2019,"Clare",2,"F","Fairbairns",NA,1166,4300
2019,"Peterhouse",1,"F","Fairbairns",NA,1179,4300
2019,"FaT",1,"F","Fairbairns",NA,1194,4300
2019,"Emma",3,"F","Fairbairns",NA,1206,4300
2019,"Christs",1,"F","Fairbairns",NA,1206,4300
2019,"Darwin",2,"F","Fairbairns",NA,1215,4300
2019,"Caius",1,"M","Newnham Short Course",NA,384,2000
2019,"Maggie",1,"M","Newnham Short Course",NA,400,2000
2019,"Pembroke",1,"M","Newnham Short Course",NA,402,2000
2019,"Fitz",1,"M","Newnham Short Course",NA,403,2000
2019,"Robinson",1,"M","Newnham Short Course",NA,413,2000
2019,"TitHall",1,"M","Newnham Short Course",NA,414,2000
2019,"Selwyn",1,"M","Newnham Short Course",NA,414,2000
2019,"Darwin",1,"M","Newnham Short Course",NA,415,2000
2019,"Clare",1,"M","Newnham Short Course",NA,422,2000
2019,"Christs",1,"M","Newnham Short Course",NA,422,2000
2019,"Peterhouse",1,"M","Newnham Short Course",NA,422,2000
2019,"Sidney",1,"M","Newnham Short Course",NA,427,2000
2019,"Catz",1,"M","Newnham Short Course",NA,431,2000
2019,"Pembroke",2,"M","Newnham Short Course",NA,421,2000
2019,"Catz",2,"M","Newnham Short Course",NA,428,2000
2019,"Maggie",2,"M","Newnham Short Course",NA,428,2000
2019,"Emma",2,"M","Newnham Short Course",NA,432,2000
2019,"Caius",2,"M","Newnham Short Course",NA,433,2000
2019,"Robinson",2,"M","Newnham Short Course",NA,440,2000
2019,"Churchill",2,"M","Newnham Short Course",NA,447,2000
2019,"Christs",2,"M","Newnham Short Course",NA,449,2000
2019,"Clare",2,"M","Newnham Short Course",NA,462,2000
2019,"Sidney",2,"M","Newnham Short Course",NA,470,2000
2019,"Caius",3,"M","Newnham Short Course",NA,437,2000
2019,"Maggie",3,"M","Newnham Short Course",NA,453,2000
2019,"Emma",3,"M","Newnham Short Course",NA,459,2000
2019,"Christs",3,"M","Newnham Short Course",NA,469,2000
2019,"FaT",3,"M","Newnham Short Course",NA,472,2000
2019,"Pembroke",3,"M","Newnham Short Course",NA,476,2000
2019,"Catz",3,"M","Newnham Short Course",NA,479,2000
2019,"Churchill",3,"M","Newnham Short Course",NA,480,2000
2019,"FaT",4,"M","Newnham Short Course",NA,492,2000
2019,"Jesus",3,"M","Newnham Short Course",NA,506,2000
2019,"Clare",3,"M","Newnham Short Course",NA,512,2000
2019,"TitHall",3,"M","Newnham Short Course",NA,515,2000
2019,"Emma",4,"M","Newnham Short Course",NA,576,2000
2019,"Caius",1,"F","Newnham Short Course",NA,451,2000
2019,"Emma",1,"F","Newnham Short Course",NA,460,2000
2019,"TitHall",1,"F","Newnham Short Course",NA,461,2000
2019,"Fitz",1,"F","Newnham Short Course",NA,476,2000
2019,"Robinson",1,"F","Newnham Short Course",NA,476,2000
2019,"Pembroke",1,"F","Newnham Short Course",NA,477,2000
2019,"Clare",1,"F","Newnham Short Course",NA,486,2000
2019,"Christs",1,"F","Newnham Short Course",NA,487,2000
2019,"Darwin",1,"F","Newnham Short Course",NA,491,2000
2019,"Catz",1,"F","Newnham Short Course",NA,511,2000
2019,"Churchill",1,"F","Newnham Short Course",NA,519,2000
2019,"Downing",2,"F","Newnham Short Course",NA,489,2000
2019,"Emma",2,"F","Newnham Short Course",NA,506,2000
2019,"Jesus",2,"F","Newnham Short Course",NA,509,2000
2019,"Caius",2,"F","Newnham Short Course",NA,514,2000
2019,"TitHall",2,"F","Newnham Short Course",NA,525,2000
2019,"Darwin",2,"F","Newnham Short Course",NA,528,2000
2019,"Clare",2,"F","Newnham Short Course",NA,544,2000
2019,"Eddies",2,"F","Newnham Short Course",NA,545,2000
2019,"Pembroke",2,"F","Newnham Short Course",NA,548,2000
2019,"Christs",2,"F","Newnham Short Course",NA,551,2000
2019,"Fitz",2,"F","Newnham Short Course",NA,561,2000
2019,"Catz",2,"F","Newnham Short Course",NA,579,2000
2019,"FaT",2,"F","Newnham Short Course",NA,593,2000
2019,"Emma",3,"F","Newnham Short Course",NA,522,2000
2019,"Maggie",3,"F","Newnham Short Course",NA,556,2000
2019,"Clare",3,"F","Newnham Short Course",NA,560,2000
2019,"Caius",3,"F","Newnham Short Course",NA,560,2000
2019,"TitHall",3,"F","Newnham Short Course",NA,573,2000
2019,"Jesus",3,"F","Newnham Short Course",NA,575,2000
2019,"Emma",4,"F","Newnham Short Course",NA,610,2000
2019,"HughesHall",1,"M","Newnham Short Course",NA,426,2000
2019,"HughesHall",2,"M","Newnham Short Course",NA,448,2000
2019,"Eddies",1,"M","Newnham Short Course",NA,433,2000
2019,"Eddies",2,"M","Newnham Short Course",NA,509,2000
2019,"Pembroke",1,"M","Robinson Head",NA,501,2000
2019,"Pembroke",2,"M","Robinson Head",NA,508,2000
2019,"Wolfson",1,"M","Robinson Head",NA,522,2000
2019,"Emma",2,"M","Robinson Head",NA,523,2000
2019,"Kings",1,"M","Robinson Head",NA,525,2000
2019,"Sidney",1,"M","Robinson Head",NA,544,2000
2019,"Emma",3,"M","Robinson Head",NA,566,2000
2019,"Kings",2,"M","Robinson Head",NA,578,2000
2019,"Emma",1,"F","Robinson Head",NA,578,2000
2019,"Robinson",2,"M","Robinson Head",NA,586,2000
2019,"Christs",1,"F","Robinson Head",NA,606,2000
2019,"Emma",2,"F","Robinson Head",NA,606,2000
2019,"LucyCav",1,"F","Robinson Head",NA,667,2000
2019,"Medwards",2,"F","Robinson Head",NA,702,2000
2019,"Kings",2,"F","Robinson Head",NA,714,2000
2019,"Maggie",1,"M","Winter Head 2 Head","leg1",387.5,2000
2019,"Downing",1,"M","Winter Head 2 Head","leg1",384.3,2000
2019,"Jesus",1,"M","Winter Head 2 Head","leg1",396.2,2000
2019,"Emma",1,"M","Winter Head 2 Head","leg1",394,2000
2019,"Caius",2,"M","Winter Head 2 Head","leg1",400.7,2000
2019,"Caius",1,"M","Winter Head 2 Head","leg1",399.1,2000
2019,"Pembroke",2,"M","Winter Head 2 Head","leg1",401.9,2000
2019,"Churchill",1,"M","Winter Head 2 Head","leg1",401.5,2000
2019,"Magdalene",2,"M","Winter Head 2 Head","leg1",405,2000
2019,"Christs",1,"M","Winter Head 2 Head","leg1",409.5,2000
2019,"Kings",1,"M","Winter Head 2 Head","leg1",408.3,2000
2019,"Downing",2,"M","Winter Head 2 Head","leg1",412.9,2000
2019,"Clare",1,"M","Winter Head 2 Head","leg1",412.5,2000
2019,"Queens",1,"M","Winter Head 2 Head","leg1",417.8,2000
2019,"Eddies",1,"M","Winter Head 2 Head","leg1",423.8,2000
2019,"Corpus",1,"M","Winter Head 2 Head","leg1",420,2000
2019,"Maggie",2,"M","Winter Head 2 Head","leg1",421.6,2000
2019,"Queens",2,"M","Winter Head 2 Head","leg1",430.4,2000
2019,"TitHall",2,"M","Winter Head 2 Head","leg1",434.5,2000
2019,"Caius",1,"F","Winter Head 2 Head","leg1",437.4,2000
2019,"Jesus",2,"M","Winter Head 2 Head","leg1",440.3,2000
2019,"Homerton",1,"M","Winter Head 2 Head","leg1",437.1,2000
2019,"Clare",2,"M","Winter Head 2 Head","leg1",439.5,2000
2019,"Christs",2,"M","Winter Head 2 Head","leg1",443.5,2000
2019,"Jesus",1,"F","Winter Head 2 Head","leg1",445.5,2000
2019,"TitHall",1,"F","Winter Head 2 Head","leg1",446.2,2000
2019,"Maggie",3,"M","Winter Head 2 Head","leg1",453.8,2000
2019,"Downing",3,"M","Winter Head 2 Head","leg1",461.5,2000
2019,"Downing",1,"F","Winter Head 2 Head","leg1",462.2,2000
2019,"Maggie",1,"F","Winter Head 2 Head","leg1",462.9,2000
2019,"Queens",1,"F","Winter Head 2 Head","leg1",462.3,2000
2019,"Caius",3,"M","Winter Head 2 Head","leg1",464.7,2000
2019,"Corpus",1,"F","Winter Head 2 Head","leg1",469.3,2000
2019,"Clare",1,"F","Winter Head 2 Head","leg1",475.5,2000
2019,"Pembroke",1,"F","Winter Head 2 Head","leg1",476.4,2000
2019,"TitHall",3,"M","Winter Head 2 Head","leg1",485.5,2000
2019,"Downing",2,"F","Winter Head 2 Head","leg1",491.5,2000
2019,"Magdalene",1,"F","Winter Head 2 Head","leg1",501.4,2000
2019,"TitHall",2,"F","Winter Head 2 Head","leg1",505,2000
2019,"Caius",2,"F","Winter Head 2 Head","leg1",533.5,2000
2019,"Jesus",2,"F","Winter Head 2 Head","leg1",516.9,2000
2019,"Clare",2,"F","Winter Head 2 Head","leg1",522.7,2000
2019,"Jesus",3,"F","Winter Head 2 Head","leg1",552.5,2000
2019,"Downing",3,"F","Winter Head 2 Head","leg1",586.5,2000
2019,"Pembroke",2,"F","Winter Head 2 Head","leg1",554.2,2000
2019,"Caius",3,"F","Winter Head 2 Head","leg1",674.3,2000
2019,"TitHall",3,"F","Winter Head 2 Head","leg1",560.3,2000
2019,"Maggie",1,"M","Winter Head 2 Head","leg2",416.5,2000
2019,"Downing",1,"M","Winter Head 2 Head","leg2",423.5,2000
2019,"Jesus",1,"M","Winter Head 2 Head","leg2",435.3,2000
2019,"Emma",1,"M","Winter Head 2 Head","leg2",437.7,2000
2019,"Caius",2,"M","Winter Head 2 Head","leg2",435,2000
2019,"Caius",1,"M","Winter Head 2 Head","leg2",438.8,2000
2019,"Pembroke",2,"M","Winter Head 2 Head","leg2",443.3,2000
2019,"Churchill",1,"M","Winter Head 2 Head","leg2",451.8,2000
2019,"Magdalene",2,"M","Winter Head 2 Head","leg2",449,2000
2019,"Christs",1,"M","Winter Head 2 Head","leg2",450.5,2000
2019,"Kings",1,"M","Winter Head 2 Head","leg2",452.8,2000
2019,"Downing",2,"M","Winter Head 2 Head","leg2",457.4,2000
2019,"Clare",1,"M","Winter Head 2 Head","leg2",465.7,2000
2019,"Queens",1,"M","Winter Head 2 Head","leg2",468.9,2000
2019,"Eddies",1,"M","Winter Head 2 Head","leg2",471,2000
2019,"Corpus",1,"M","Winter Head 2 Head","leg2",475.7,2000
2019,"Maggie",2,"M","Winter Head 2 Head","leg2",476.3,2000
2019,"Queens",2,"M","Winter Head 2 Head","leg2",475,2000
2019,"TitHall",2,"M","Winter Head 2 Head","leg2",477.7,2000
2019,"Caius",1,"F","Winter Head 2 Head","leg2",487.4,2000
2019,"Jesus",2,"M","Winter Head 2 Head","leg2",494.5,2000
2019,"Homerton",1,"M","Winter Head 2 Head","leg2",500.5,2000
2019,"Clare",2,"M","Winter Head 2 Head","leg2",498.4,2000
2019,"Christs",2,"M","Winter Head 2 Head","leg2",497.1,2000
2019,"Jesus",1,"F","Winter Head 2 Head","leg2",500.7,2000
2019,"TitHall",1,"F","Winter Head 2 Head","leg2",510,2000
2019,"Maggie",3,"M","Winter Head 2 Head","leg2",511,2000
2019,"Downing",3,"M","Winter Head 2 Head","leg2",515.9,2000
2019,"Downing",1,"F","Winter Head 2 Head","leg2",518.1,2000
2019,"Maggie",1,"F","Winter Head 2 Head","leg2",527.5,2000
2019,"Queens",1,"F","Winter Head 2 Head","leg2",530.6,2000
2019,"Caius",3,"M","Winter Head 2 Head","leg2",530.9,2000
2019,"Corpus",1,"F","Winter Head 2 Head","leg2",530.4,2000
2019,"Clare",1,"F","Winter Head 2 Head","leg2",530.6,2000
2019,"Pembroke",1,"F","Winter Head 2 Head","leg2",537.9,2000
2019,"TitHall",3,"M","Winter Head 2 Head","leg2",554.1,2000
2019,"Downing",2,"F","Winter Head 2 Head","leg2",550.4,2000
2019,"Magdalene",1,"F","Winter Head 2 Head","leg2",546.5,2000
2019,"TitHall",2,"F","Winter Head 2 Head","leg2",557.8,2000
2019,"Caius",2,"F","Winter Head 2 Head","leg2",545.4,2000
2019,"Jesus",2,"F","Winter Head 2 Head","leg2",576.8,2000
2019,"Clare",2,"F","Winter Head 2 Head","leg2",611.1,2000
2019,"Jesus",3,"F","Winter Head 2 Head","leg2",598.1,2000
2019,"Downing",3,"F","Winter Head 2 Head","leg2",632.2,2000
2019,"Pembroke",2,"F","Winter Head 2 Head","leg2",680.3,2000
2019,"Caius",3,"F","Winter Head 2 Head","leg2",587.7,2000
2019,"TitHall",3,"F","Winter Head 2 Head","leg2",729.9,2000
